{"model":{"type":"minecraft:range_dispatch","property":"minecraft:custom_model_data","entries":[{"threshold":0.0,"model":{"type":"minecraft:model","model":"nova:gen_model/2889"}},{"threshold":0.0625,"model":{"type":"minecraft:model","model":"nova:gen_model/2890"}},{"threshold":0.125,"model":{"type":"minecraft:model","model":"nova:gen_model/2891"}},{"threshold":0.1875,"model":{"type":"minecraft:model","model":"nova:gen_model/2892"}},{"threshold":0.25,"model":{"type":"minecraft:model","model":"nova:gen_model/2893"}},{"threshold":0.3125,"model":{"type":"minecraft:model","model":"nova:gen_model/2894"}},{"threshold":0.375,"model":{"type":"minecraft:model","model":"nova:gen_model/2895"}},{"threshold":0.4375,"model":{"type":"minecraft:model","model":"nova:gen_model/2896"}},{"threshold":0.5,"model":{"type":"minecraft:model","model":"nova:gen_model/2897"}},{"threshold":0.5625,"model":{"type":"minecraft:model","model":"nova:gen_model/2898"}},{"threshold":0.625,"model":{"type":"minecraft:model","model":"nova:gen_model/2899"}},{"threshold":0.6875,"model":{"type":"minecraft:model","model":"nova:gen_model/2900"}},{"threshold":0.75,"model":{"type":"minecraft:model","model":"nova:gen_model/2901"}},{"threshold":0.8125,"model":{"type":"minecraft:model","model":"nova:gen_model/2902"}},{"threshold":0.875,"model":{"type":"minecraft:model","model":"nova:gen_model/2903"}},{"threshold":0.9375,"model":{"type":"minecraft:model","model":"nova:gen_model/2904"}},{"threshold":1.0,"model":{"type":"minecraft:model","model":"nova:gen_model/2905"}}]}}