{"model":{"type":"minecraft:range_dispatch","property":"minecraft:custom_model_data","entries":[{"threshold":0.0,"model":{"type":"minecraft:model","model":"nova:gen_model/145"}},{"threshold":1.0,"model":{"type":"minecraft:model","model":"nova:gen_model/146"}},{"threshold":2.0,"model":{"type":"minecraft:model","model":"nova:gen_model/147"}},{"threshold":3.0,"model":{"type":"minecraft:model","model":"nova:gen_model/148"}},{"threshold":4.0,"model":{"type":"minecraft:model","model":"nova:gen_model/149"}},{"threshold":5.0,"model":{"type":"minecraft:model","model":"nova:gen_model/150"}},{"threshold":6.0,"model":{"type":"minecraft:model","model":"nova:gen_model/151"}},{"threshold":7.0,"model":{"type":"minecraft:model","model":"nova:gen_model/152"}},{"threshold":8.0,"model":{"type":"minecraft:model","model":"nova:gen_model/153"}},{"threshold":9.0,"model":{"type":"minecraft:model","model":"nova:gen_model/154"}},{"threshold":10.0,"model":{"type":"minecraft:model","model":"nova:gen_model/155"}},{"threshold":11.0,"model":{"type":"minecraft:model","model":"nova:gen_model/156"}},{"threshold":12.0,"model":{"type":"minecraft:model","model":"nova:gen_model/157"}},{"threshold":13.0,"model":{"type":"minecraft:model","model":"nova:gen_model/158"}},{"threshold":14.0,"model":{"type":"minecraft:model","model":"nova:gen_model/159"}},{"threshold":15.0,"model":{"type":"minecraft:model","model":"nova:gen_model/160"}},{"threshold":16.0,"model":{"type":"minecraft:model","model":"nova:gen_model/161"}},{"threshold":17.0,"model":{"type":"minecraft:model","model":"nova:gen_model/162"}},{"threshold":18.0,"model":{"type":"minecraft:model","model":"nova:gen_model/163"}},{"threshold":19.0,"model":{"type":"minecraft:model","model":"nova:gen_model/164"}},{"threshold":20.0,"model":{"type":"minecraft:model","model":"nova:gen_model/165"}},{"threshold":21.0,"model":{"type":"minecraft:model","model":"nova:gen_model/166"}},{"threshold":22.0,"model":{"type":"minecraft:model","model":"nova:gen_model/167"}},{"threshold":23.0,"model":{"type":"minecraft:model","model":"nova:gen_model/168"}},{"threshold":24.0,"model":{"type":"minecraft:model","model":"nova:gen_model/169"}},{"threshold":25.0,"model":{"type":"minecraft:model","model":"nova:gen_model/170"}},{"threshold":26.0,"model":{"type":"minecraft:model","model":"nova:gen_model/171"}},{"threshold":27.0,"model":{"type":"minecraft:model","model":"nova:gen_model/172"}},{"threshold":28.0,"model":{"type":"minecraft:model","model":"nova:gen_model/173"}},{"threshold":29.0,"model":{"type":"minecraft:model","model":"nova:gen_model/174"}},{"threshold":30.0,"model":{"type":"minecraft:model","model":"nova:gen_model/175"}},{"threshold":31.0,"model":{"type":"minecraft:model","model":"nova:gen_model/176"}},{"threshold":32.0,"model":{"type":"minecraft:model","model":"nova:gen_model/177"}},{"threshold":33.0,"model":{"type":"minecraft:model","model":"nova:gen_model/178"}},{"threshold":34.0,"model":{"type":"minecraft:model","model":"nova:gen_model/179"}},{"threshold":35.0,"model":{"type":"minecraft:model","model":"nova:gen_model/180"}},{"threshold":36.0,"model":{"type":"minecraft:model","model":"nova:gen_model/181"}},{"threshold":37.0,"model":{"type":"minecraft:model","model":"nova:gen_model/182"}},{"threshold":38.0,"model":{"type":"minecraft:model","model":"nova:gen_model/183"}},{"threshold":39.0,"model":{"type":"minecraft:model","model":"nova:gen_model/184"}},{"threshold":40.0,"model":{"type":"minecraft:model","model":"nova:gen_model/185"}},{"threshold":41.0,"model":{"type":"minecraft:model","model":"nova:gen_model/186"}},{"threshold":42.0,"model":{"type":"minecraft:model","model":"nova:gen_model/187"}},{"threshold":43.0,"model":{"type":"minecraft:model","model":"nova:gen_model/188"}},{"threshold":44.0,"model":{"type":"minecraft:model","model":"nova:gen_model/189"}},{"threshold":45.0,"model":{"type":"minecraft:model","model":"nova:gen_model/190"}},{"threshold":46.0,"model":{"type":"minecraft:model","model":"nova:gen_model/191"}},{"threshold":47.0,"model":{"type":"minecraft:model","model":"nova:gen_model/192"}},{"threshold":48.0,"model":{"type":"minecraft:model","model":"nova:gen_model/193"}},{"threshold":49.0,"model":{"type":"minecraft:model","model":"nova:gen_model/194"}},{"threshold":50.0,"model":{"type":"minecraft:model","model":"nova:gen_model/195"}},{"threshold":51.0,"model":{"type":"minecraft:model","model":"nova:gen_model/196"}},{"threshold":52.0,"model":{"type":"minecraft:model","model":"nova:gen_model/197"}},{"threshold":53.0,"model":{"type":"minecraft:model","model":"nova:gen_model/198"}},{"threshold":54.0,"model":{"type":"minecraft:model","model":"nova:gen_model/199"}},{"threshold":55.0,"model":{"type":"minecraft:model","model":"nova:gen_model/200"}},{"threshold":56.0,"model":{"type":"minecraft:model","model":"nova:gen_model/201"}},{"threshold":57.0,"model":{"type":"minecraft:model","model":"nova:gen_model/202"}},{"threshold":58.0,"model":{"type":"minecraft:model","model":"nova:gen_model/203"}},{"threshold":59.0,"model":{"type":"minecraft:model","model":"nova:gen_model/204"}},{"threshold":60.0,"model":{"type":"minecraft:model","model":"nova:gen_model/205"}},{"threshold":61.0,"model":{"type":"minecraft:model","model":"nova:gen_model/206"}},{"threshold":62.0,"model":{"type":"minecraft:model","model":"nova:gen_model/207"}},{"threshold":63.0,"model":{"type":"minecraft:model","model":"nova:gen_model/208"}},{"threshold":64.0,"model":{"type":"minecraft:model","model":"nova:gen_model/209"}},{"threshold":65.0,"model":{"type":"minecraft:model","model":"nova:gen_model/210"}},{"threshold":66.0,"model":{"type":"minecraft:model","model":"nova:gen_model/211"}},{"threshold":67.0,"model":{"type":"minecraft:model","model":"nova:gen_model/212"}},{"threshold":68.0,"model":{"type":"minecraft:model","model":"nova:gen_model/213"}},{"threshold":69.0,"model":{"type":"minecraft:model","model":"nova:gen_model/214"}},{"threshold":70.0,"model":{"type":"minecraft:model","model":"nova:gen_model/215"}},{"threshold":71.0,"model":{"type":"minecraft:model","model":"nova:gen_model/216"}},{"threshold":72.0,"model":{"type":"minecraft:model","model":"nova:gen_model/217"}},{"threshold":73.0,"model":{"type":"minecraft:model","model":"nova:gen_model/218"}},{"threshold":74.0,"model":{"type":"minecraft:model","model":"nova:gen_model/219"}},{"threshold":75.0,"model":{"type":"minecraft:model","model":"nova:gen_model/220"}},{"threshold":76.0,"model":{"type":"minecraft:model","model":"nova:gen_model/221"}},{"threshold":77.0,"model":{"type":"minecraft:model","model":"nova:gen_model/222"}},{"threshold":78.0,"model":{"type":"minecraft:model","model":"nova:gen_model/223"}},{"threshold":79.0,"model":{"type":"minecraft:model","model":"nova:gen_model/224"}},{"threshold":80.0,"model":{"type":"minecraft:model","model":"nova:gen_model/225"}},{"threshold":81.0,"model":{"type":"minecraft:model","model":"nova:gen_model/226"}},{"threshold":82.0,"model":{"type":"minecraft:model","model":"nova:gen_model/227"}},{"threshold":83.0,"model":{"type":"minecraft:model","model":"nova:gen_model/228"}},{"threshold":84.0,"model":{"type":"minecraft:model","model":"nova:gen_model/229"}},{"threshold":85.0,"model":{"type":"minecraft:model","model":"nova:gen_model/230"}},{"threshold":86.0,"model":{"type":"minecraft:model","model":"nova:gen_model/231"}},{"threshold":87.0,"model":{"type":"minecraft:model","model":"nova:gen_model/232"}},{"threshold":88.0,"model":{"type":"minecraft:model","model":"nova:gen_model/233"}},{"threshold":89.0,"model":{"type":"minecraft:model","model":"nova:gen_model/234"}},{"threshold":90.0,"model":{"type":"minecraft:model","model":"nova:gen_model/235"}},{"threshold":91.0,"model":{"type":"minecraft:model","model":"nova:gen_model/236"}},{"threshold":92.0,"model":{"type":"minecraft:model","model":"nova:gen_model/237"}},{"threshold":93.0,"model":{"type":"minecraft:model","model":"nova:gen_model/238"}},{"threshold":94.0,"model":{"type":"minecraft:model","model":"nova:gen_model/239"}},{"threshold":95.0,"model":{"type":"minecraft:model","model":"nova:gen_model/240"}},{"threshold":96.0,"model":{"type":"minecraft:model","model":"nova:gen_model/241"}},{"threshold":97.0,"model":{"type":"minecraft:model","model":"nova:gen_model/242"}},{"threshold":98.0,"model":{"type":"minecraft:model","model":"nova:gen_model/243"}},{"threshold":99.0,"model":{"type":"minecraft:model","model":"nova:gen_model/244"}},{"threshold":100.0,"model":{"type":"minecraft:model","model":"nova:gen_model/245"}},{"threshold":101.0,"model":{"type":"minecraft:model","model":"nova:gen_model/246"}},{"threshold":102.0,"model":{"type":"minecraft:model","model":"nova:gen_model/247"}},{"threshold":103.0,"model":{"type":"minecraft:model","model":"nova:gen_model/248"}},{"threshold":104.0,"model":{"type":"minecraft:model","model":"nova:gen_model/249"}},{"threshold":105.0,"model":{"type":"minecraft:model","model":"nova:gen_model/250"}},{"threshold":106.0,"model":{"type":"minecraft:model","model":"nova:gen_model/251"}},{"threshold":107.0,"model":{"type":"minecraft:model","model":"nova:gen_model/252"}},{"threshold":108.0,"model":{"type":"minecraft:model","model":"nova:gen_model/253"}},{"threshold":109.0,"model":{"type":"minecraft:model","model":"nova:gen_model/254"}},{"threshold":110.0,"model":{"type":"minecraft:model","model":"nova:gen_model/255"}},{"threshold":111.0,"model":{"type":"minecraft:model","model":"nova:gen_model/256"}},{"threshold":112.0,"model":{"type":"minecraft:model","model":"nova:gen_model/257"}},{"threshold":113.0,"model":{"type":"minecraft:model","model":"nova:gen_model/258"}},{"threshold":114.0,"model":{"type":"minecraft:model","model":"nova:gen_model/259"}},{"threshold":115.0,"model":{"type":"minecraft:model","model":"nova:gen_model/260"}},{"threshold":116.0,"model":{"type":"minecraft:model","model":"nova:gen_model/261"}},{"threshold":117.0,"model":{"type":"minecraft:model","model":"nova:gen_model/262"}},{"threshold":118.0,"model":{"type":"minecraft:model","model":"nova:gen_model/263"}},{"threshold":119.0,"model":{"type":"minecraft:model","model":"nova:gen_model/264"}},{"threshold":120.0,"model":{"type":"minecraft:model","model":"nova:gen_model/265"}},{"threshold":121.0,"model":{"type":"minecraft:model","model":"nova:gen_model/266"}},{"threshold":122.0,"model":{"type":"minecraft:model","model":"nova:gen_model/267"}},{"threshold":123.0,"model":{"type":"minecraft:model","model":"nova:gen_model/268"}},{"threshold":124.0,"model":{"type":"minecraft:model","model":"nova:gen_model/269"}},{"threshold":125.0,"model":{"type":"minecraft:model","model":"nova:gen_model/270"}},{"threshold":126.0,"model":{"type":"minecraft:model","model":"nova:gen_model/271"}},{"threshold":127.0,"model":{"type":"minecraft:model","model":"nova:gen_model/272"}},{"threshold":128.0,"model":{"type":"minecraft:model","model":"nova:gen_model/273"}},{"threshold":129.0,"model":{"type":"minecraft:model","model":"nova:gen_model/274"}},{"threshold":130.0,"model":{"type":"minecraft:model","model":"nova:gen_model/275"}},{"threshold":131.0,"model":{"type":"minecraft:model","model":"nova:gen_model/276"}},{"threshold":132.0,"model":{"type":"minecraft:model","model":"nova:gen_model/277"}},{"threshold":133.0,"model":{"type":"minecraft:model","model":"nova:gen_model/278"}},{"threshold":134.0,"model":{"type":"minecraft:model","model":"nova:gen_model/279"}},{"threshold":135.0,"model":{"type":"minecraft:model","model":"nova:gen_model/280"}},{"threshold":136.0,"model":{"type":"minecraft:model","model":"nova:gen_model/281"}},{"threshold":137.0,"model":{"type":"minecraft:model","model":"nova:gen_model/282"}},{"threshold":138.0,"model":{"type":"minecraft:model","model":"nova:gen_model/283"}},{"threshold":139.0,"model":{"type":"minecraft:model","model":"nova:gen_model/284"}},{"threshold":140.0,"model":{"type":"minecraft:model","model":"nova:gen_model/285"}},{"threshold":141.0,"model":{"type":"minecraft:model","model":"nova:gen_model/286"}},{"threshold":142.0,"model":{"type":"minecraft:model","model":"nova:gen_model/287"}},{"threshold":143.0,"model":{"type":"minecraft:model","model":"nova:gen_model/288"}},{"threshold":144.0,"model":{"type":"minecraft:model","model":"nova:gen_model/289"}},{"threshold":145.0,"model":{"type":"minecraft:model","model":"nova:gen_model/290"}},{"threshold":146.0,"model":{"type":"minecraft:model","model":"nova:gen_model/291"}},{"threshold":147.0,"model":{"type":"minecraft:model","model":"nova:gen_model/292"}},{"threshold":148.0,"model":{"type":"minecraft:model","model":"nova:gen_model/293"}},{"threshold":149.0,"model":{"type":"minecraft:model","model":"nova:gen_model/294"}},{"threshold":150.0,"model":{"type":"minecraft:model","model":"nova:gen_model/295"}},{"threshold":151.0,"model":{"type":"minecraft:model","model":"nova:gen_model/296"}},{"threshold":152.0,"model":{"type":"minecraft:model","model":"nova:gen_model/297"}},{"threshold":153.0,"model":{"type":"minecraft:model","model":"nova:gen_model/298"}},{"threshold":154.0,"model":{"type":"minecraft:model","model":"nova:gen_model/299"}},{"threshold":155.0,"model":{"type":"minecraft:model","model":"nova:gen_model/300"}},{"threshold":156.0,"model":{"type":"minecraft:model","model":"nova:gen_model/301"}},{"threshold":157.0,"model":{"type":"minecraft:model","model":"nova:gen_model/302"}},{"threshold":158.0,"model":{"type":"minecraft:model","model":"nova:gen_model/303"}},{"threshold":159.0,"model":{"type":"minecraft:model","model":"nova:gen_model/304"}},{"threshold":160.0,"model":{"type":"minecraft:model","model":"nova:gen_model/305"}},{"threshold":161.0,"model":{"type":"minecraft:model","model":"nova:gen_model/306"}},{"threshold":162.0,"model":{"type":"minecraft:model","model":"nova:gen_model/307"}},{"threshold":163.0,"model":{"type":"minecraft:model","model":"nova:gen_model/308"}},{"threshold":164.0,"model":{"type":"minecraft:model","model":"nova:gen_model/309"}},{"threshold":165.0,"model":{"type":"minecraft:model","model":"nova:gen_model/310"}},{"threshold":166.0,"model":{"type":"minecraft:model","model":"nova:gen_model/311"}},{"threshold":167.0,"model":{"type":"minecraft:model","model":"nova:gen_model/312"}},{"threshold":168.0,"model":{"type":"minecraft:model","model":"nova:gen_model/313"}},{"threshold":169.0,"model":{"type":"minecraft:model","model":"nova:gen_model/314"}},{"threshold":170.0,"model":{"type":"minecraft:model","model":"nova:gen_model/315"}},{"threshold":171.0,"model":{"type":"minecraft:model","model":"nova:gen_model/316"}},{"threshold":172.0,"model":{"type":"minecraft:model","model":"nova:gen_model/317"}},{"threshold":173.0,"model":{"type":"minecraft:model","model":"nova:gen_model/318"}},{"threshold":174.0,"model":{"type":"minecraft:model","model":"nova:gen_model/319"}},{"threshold":175.0,"model":{"type":"minecraft:model","model":"nova:gen_model/320"}},{"threshold":176.0,"model":{"type":"minecraft:model","model":"nova:gen_model/321"}},{"threshold":177.0,"model":{"type":"minecraft:model","model":"nova:gen_model/322"}},{"threshold":178.0,"model":{"type":"minecraft:model","model":"nova:gen_model/323"}},{"threshold":179.0,"model":{"type":"minecraft:model","model":"nova:gen_model/324"}},{"threshold":180.0,"model":{"type":"minecraft:model","model":"nova:gen_model/325"}},{"threshold":181.0,"model":{"type":"minecraft:model","model":"nova:gen_model/326"}},{"threshold":182.0,"model":{"type":"minecraft:model","model":"nova:gen_model/327"}},{"threshold":183.0,"model":{"type":"minecraft:model","model":"nova:gen_model/328"}},{"threshold":184.0,"model":{"type":"minecraft:model","model":"nova:gen_model/329"}},{"threshold":185.0,"model":{"type":"minecraft:model","model":"nova:gen_model/330"}},{"threshold":186.0,"model":{"type":"minecraft:model","model":"nova:gen_model/331"}},{"threshold":187.0,"model":{"type":"minecraft:model","model":"nova:gen_model/332"}},{"threshold":188.0,"model":{"type":"minecraft:model","model":"nova:gen_model/333"}},{"threshold":189.0,"model":{"type":"minecraft:model","model":"nova:gen_model/334"}},{"threshold":190.0,"model":{"type":"minecraft:model","model":"nova:gen_model/335"}},{"threshold":191.0,"model":{"type":"minecraft:model","model":"nova:gen_model/336"}},{"threshold":192.0,"model":{"type":"minecraft:model","model":"nova:gen_model/337"}},{"threshold":193.0,"model":{"type":"minecraft:model","model":"nova:gen_model/338"}},{"threshold":194.0,"model":{"type":"minecraft:model","model":"nova:gen_model/339"}},{"threshold":195.0,"model":{"type":"minecraft:model","model":"nova:gen_model/340"}},{"threshold":196.0,"model":{"type":"minecraft:model","model":"nova:gen_model/341"}},{"threshold":197.0,"model":{"type":"minecraft:model","model":"nova:gen_model/342"}},{"threshold":198.0,"model":{"type":"minecraft:model","model":"nova:gen_model/343"}},{"threshold":199.0,"model":{"type":"minecraft:model","model":"nova:gen_model/344"}},{"threshold":200.0,"model":{"type":"minecraft:model","model":"nova:gen_model/345"}},{"threshold":201.0,"model":{"type":"minecraft:model","model":"nova:gen_model/346"}},{"threshold":202.0,"model":{"type":"minecraft:model","model":"nova:gen_model/347"}},{"threshold":203.0,"model":{"type":"minecraft:model","model":"nova:gen_model/348"}},{"threshold":204.0,"model":{"type":"minecraft:model","model":"nova:gen_model/349"}},{"threshold":205.0,"model":{"type":"minecraft:model","model":"nova:gen_model/350"}},{"threshold":206.0,"model":{"type":"minecraft:model","model":"nova:gen_model/351"}},{"threshold":207.0,"model":{"type":"minecraft:model","model":"nova:gen_model/352"}},{"threshold":208.0,"model":{"type":"minecraft:model","model":"nova:gen_model/353"}},{"threshold":209.0,"model":{"type":"minecraft:model","model":"nova:gen_model/354"}},{"threshold":210.0,"model":{"type":"minecraft:model","model":"nova:gen_model/355"}},{"threshold":211.0,"model":{"type":"minecraft:model","model":"nova:gen_model/356"}},{"threshold":212.0,"model":{"type":"minecraft:model","model":"nova:gen_model/357"}},{"threshold":213.0,"model":{"type":"minecraft:model","model":"nova:gen_model/358"}},{"threshold":214.0,"model":{"type":"minecraft:model","model":"nova:gen_model/359"}},{"threshold":215.0,"model":{"type":"minecraft:model","model":"nova:gen_model/360"}},{"threshold":216.0,"model":{"type":"minecraft:model","model":"nova:gen_model/361"}},{"threshold":217.0,"model":{"type":"minecraft:model","model":"nova:gen_model/362"}},{"threshold":218.0,"model":{"type":"minecraft:model","model":"nova:gen_model/363"}},{"threshold":219.0,"model":{"type":"minecraft:model","model":"nova:gen_model/364"}},{"threshold":220.0,"model":{"type":"minecraft:model","model":"nova:gen_model/365"}},{"threshold":221.0,"model":{"type":"minecraft:model","model":"nova:gen_model/366"}},{"threshold":222.0,"model":{"type":"minecraft:model","model":"nova:gen_model/367"}},{"threshold":223.0,"model":{"type":"minecraft:model","model":"nova:gen_model/368"}},{"threshold":224.0,"model":{"type":"minecraft:model","model":"nova:gen_model/369"}},{"threshold":225.0,"model":{"type":"minecraft:model","model":"nova:gen_model/370"}},{"threshold":226.0,"model":{"type":"minecraft:model","model":"nova:gen_model/371"}},{"threshold":227.0,"model":{"type":"minecraft:model","model":"nova:gen_model/372"}},{"threshold":228.0,"model":{"type":"minecraft:model","model":"nova:gen_model/373"}},{"threshold":229.0,"model":{"type":"minecraft:model","model":"nova:gen_model/374"}},{"threshold":230.0,"model":{"type":"minecraft:model","model":"nova:gen_model/375"}},{"threshold":231.0,"model":{"type":"minecraft:model","model":"nova:gen_model/376"}},{"threshold":232.0,"model":{"type":"minecraft:model","model":"nova:gen_model/377"}},{"threshold":233.0,"model":{"type":"minecraft:model","model":"nova:gen_model/378"}},{"threshold":234.0,"model":{"type":"minecraft:model","model":"nova:gen_model/379"}},{"threshold":235.0,"model":{"type":"minecraft:model","model":"nova:gen_model/380"}},{"threshold":236.0,"model":{"type":"minecraft:model","model":"nova:gen_model/381"}},{"threshold":237.0,"model":{"type":"minecraft:model","model":"nova:gen_model/382"}},{"threshold":238.0,"model":{"type":"minecraft:model","model":"nova:gen_model/383"}},{"threshold":239.0,"model":{"type":"minecraft:model","model":"nova:gen_model/384"}},{"threshold":240.0,"model":{"type":"minecraft:model","model":"nova:gen_model/385"}},{"threshold":241.0,"model":{"type":"minecraft:model","model":"nova:gen_model/386"}},{"threshold":242.0,"model":{"type":"minecraft:model","model":"nova:gen_model/387"}},{"threshold":243.0,"model":{"type":"minecraft:model","model":"nova:gen_model/388"}},{"threshold":244.0,"model":{"type":"minecraft:model","model":"nova:gen_model/389"}},{"threshold":245.0,"model":{"type":"minecraft:model","model":"nova:gen_model/390"}},{"threshold":246.0,"model":{"type":"minecraft:model","model":"nova:gen_model/391"}},{"threshold":247.0,"model":{"type":"minecraft:model","model":"nova:gen_model/392"}},{"threshold":248.0,"model":{"type":"minecraft:model","model":"nova:gen_model/393"}},{"threshold":249.0,"model":{"type":"minecraft:model","model":"nova:gen_model/394"}},{"threshold":250.0,"model":{"type":"minecraft:model","model":"nova:gen_model/395"}},{"threshold":251.0,"model":{"type":"minecraft:model","model":"nova:gen_model/396"}},{"threshold":252.0,"model":{"type":"minecraft:model","model":"nova:gen_model/397"}},{"threshold":253.0,"model":{"type":"minecraft:model","model":"nova:gen_model/398"}},{"threshold":254.0,"model":{"type":"minecraft:model","model":"nova:gen_model/399"}},{"threshold":255.0,"model":{"type":"minecraft:model","model":"nova:gen_model/400"}},{"threshold":256.0,"model":{"type":"minecraft:model","model":"nova:gen_model/401"}},{"threshold":257.0,"model":{"type":"minecraft:model","model":"nova:gen_model/402"}},{"threshold":258.0,"model":{"type":"minecraft:model","model":"nova:gen_model/403"}},{"threshold":259.0,"model":{"type":"minecraft:model","model":"nova:gen_model/404"}},{"threshold":260.0,"model":{"type":"minecraft:model","model":"nova:gen_model/405"}},{"threshold":261.0,"model":{"type":"minecraft:model","model":"nova:gen_model/406"}},{"threshold":262.0,"model":{"type":"minecraft:model","model":"nova:gen_model/407"}},{"threshold":263.0,"model":{"type":"minecraft:model","model":"nova:gen_model/408"}},{"threshold":264.0,"model":{"type":"minecraft:model","model":"nova:gen_model/409"}},{"threshold":265.0,"model":{"type":"minecraft:model","model":"nova:gen_model/410"}},{"threshold":266.0,"model":{"type":"minecraft:model","model":"nova:gen_model/411"}},{"threshold":267.0,"model":{"type":"minecraft:model","model":"nova:gen_model/412"}},{"threshold":268.0,"model":{"type":"minecraft:model","model":"nova:gen_model/413"}},{"threshold":269.0,"model":{"type":"minecraft:model","model":"nova:gen_model/414"}},{"threshold":270.0,"model":{"type":"minecraft:model","model":"nova:gen_model/415"}},{"threshold":271.0,"model":{"type":"minecraft:model","model":"nova:gen_model/416"}},{"threshold":272.0,"model":{"type":"minecraft:model","model":"nova:gen_model/417"}},{"threshold":273.0,"model":{"type":"minecraft:model","model":"nova:gen_model/418"}},{"threshold":274.0,"model":{"type":"minecraft:model","model":"nova:gen_model/419"}},{"threshold":275.0,"model":{"type":"minecraft:model","model":"nova:gen_model/420"}},{"threshold":276.0,"model":{"type":"minecraft:model","model":"nova:gen_model/421"}},{"threshold":277.0,"model":{"type":"minecraft:model","model":"nova:gen_model/422"}},{"threshold":278.0,"model":{"type":"minecraft:model","model":"nova:gen_model/423"}},{"threshold":279.0,"model":{"type":"minecraft:model","model":"nova:gen_model/424"}},{"threshold":280.0,"model":{"type":"minecraft:model","model":"nova:gen_model/425"}},{"threshold":281.0,"model":{"type":"minecraft:model","model":"nova:gen_model/426"}},{"threshold":282.0,"model":{"type":"minecraft:model","model":"nova:gen_model/427"}},{"threshold":283.0,"model":{"type":"minecraft:model","model":"nova:gen_model/428"}},{"threshold":284.0,"model":{"type":"minecraft:model","model":"nova:gen_model/429"}},{"threshold":285.0,"model":{"type":"minecraft:model","model":"nova:gen_model/430"}},{"threshold":286.0,"model":{"type":"minecraft:model","model":"nova:gen_model/431"}},{"threshold":287.0,"model":{"type":"minecraft:model","model":"nova:gen_model/432"}},{"threshold":288.0,"model":{"type":"minecraft:model","model":"nova:gen_model/433"}},{"threshold":289.0,"model":{"type":"minecraft:model","model":"nova:gen_model/434"}},{"threshold":290.0,"model":{"type":"minecraft:model","model":"nova:gen_model/435"}},{"threshold":291.0,"model":{"type":"minecraft:model","model":"nova:gen_model/436"}},{"threshold":292.0,"model":{"type":"minecraft:model","model":"nova:gen_model/437"}},{"threshold":293.0,"model":{"type":"minecraft:model","model":"nova:gen_model/438"}},{"threshold":294.0,"model":{"type":"minecraft:model","model":"nova:gen_model/439"}},{"threshold":295.0,"model":{"type":"minecraft:model","model":"nova:gen_model/440"}},{"threshold":296.0,"model":{"type":"minecraft:model","model":"nova:gen_model/441"}},{"threshold":297.0,"model":{"type":"minecraft:model","model":"nova:gen_model/442"}},{"threshold":298.0,"model":{"type":"minecraft:model","model":"nova:gen_model/443"}},{"threshold":299.0,"model":{"type":"minecraft:model","model":"nova:gen_model/444"}},{"threshold":300.0,"model":{"type":"minecraft:model","model":"nova:gen_model/445"}},{"threshold":301.0,"model":{"type":"minecraft:model","model":"nova:gen_model/446"}},{"threshold":302.0,"model":{"type":"minecraft:model","model":"nova:gen_model/447"}},{"threshold":303.0,"model":{"type":"minecraft:model","model":"nova:gen_model/448"}},{"threshold":304.0,"model":{"type":"minecraft:model","model":"nova:gen_model/449"}},{"threshold":305.0,"model":{"type":"minecraft:model","model":"nova:gen_model/450"}},{"threshold":306.0,"model":{"type":"minecraft:model","model":"nova:gen_model/451"}},{"threshold":307.0,"model":{"type":"minecraft:model","model":"nova:gen_model/452"}},{"threshold":308.0,"model":{"type":"minecraft:model","model":"nova:gen_model/453"}},{"threshold":309.0,"model":{"type":"minecraft:model","model":"nova:gen_model/454"}},{"threshold":310.0,"model":{"type":"minecraft:model","model":"nova:gen_model/455"}},{"threshold":311.0,"model":{"type":"minecraft:model","model":"nova:gen_model/456"}},{"threshold":312.0,"model":{"type":"minecraft:model","model":"nova:gen_model/457"}},{"threshold":313.0,"model":{"type":"minecraft:model","model":"nova:gen_model/458"}},{"threshold":314.0,"model":{"type":"minecraft:model","model":"nova:gen_model/459"}},{"threshold":315.0,"model":{"type":"minecraft:model","model":"nova:gen_model/460"}},{"threshold":316.0,"model":{"type":"minecraft:model","model":"nova:gen_model/461"}},{"threshold":317.0,"model":{"type":"minecraft:model","model":"nova:gen_model/462"}},{"threshold":318.0,"model":{"type":"minecraft:model","model":"nova:gen_model/463"}},{"threshold":319.0,"model":{"type":"minecraft:model","model":"nova:gen_model/464"}},{"threshold":320.0,"model":{"type":"minecraft:model","model":"nova:gen_model/465"}},{"threshold":321.0,"model":{"type":"minecraft:model","model":"nova:gen_model/466"}},{"threshold":322.0,"model":{"type":"minecraft:model","model":"nova:gen_model/467"}},{"threshold":323.0,"model":{"type":"minecraft:model","model":"nova:gen_model/468"}},{"threshold":324.0,"model":{"type":"minecraft:model","model":"nova:gen_model/469"}},{"threshold":325.0,"model":{"type":"minecraft:model","model":"nova:gen_model/470"}},{"threshold":326.0,"model":{"type":"minecraft:model","model":"nova:gen_model/471"}},{"threshold":327.0,"model":{"type":"minecraft:model","model":"nova:gen_model/472"}},{"threshold":328.0,"model":{"type":"minecraft:model","model":"nova:gen_model/473"}},{"threshold":329.0,"model":{"type":"minecraft:model","model":"nova:gen_model/474"}},{"threshold":330.0,"model":{"type":"minecraft:model","model":"nova:gen_model/475"}},{"threshold":331.0,"model":{"type":"minecraft:model","model":"nova:gen_model/476"}},{"threshold":332.0,"model":{"type":"minecraft:model","model":"nova:gen_model/477"}},{"threshold":333.0,"model":{"type":"minecraft:model","model":"nova:gen_model/478"}},{"threshold":334.0,"model":{"type":"minecraft:model","model":"nova:gen_model/479"}},{"threshold":335.0,"model":{"type":"minecraft:model","model":"nova:gen_model/480"}},{"threshold":336.0,"model":{"type":"minecraft:model","model":"nova:gen_model/481"}},{"threshold":337.0,"model":{"type":"minecraft:model","model":"nova:gen_model/482"}},{"threshold":338.0,"model":{"type":"minecraft:model","model":"nova:gen_model/483"}},{"threshold":339.0,"model":{"type":"minecraft:model","model":"nova:gen_model/484"}},{"threshold":340.0,"model":{"type":"minecraft:model","model":"nova:gen_model/485"}},{"threshold":341.0,"model":{"type":"minecraft:model","model":"nova:gen_model/486"}},{"threshold":342.0,"model":{"type":"minecraft:model","model":"nova:gen_model/487"}},{"threshold":343.0,"model":{"type":"minecraft:model","model":"nova:gen_model/488"}},{"threshold":344.0,"model":{"type":"minecraft:model","model":"nova:gen_model/489"}},{"threshold":345.0,"model":{"type":"minecraft:model","model":"nova:gen_model/490"}},{"threshold":346.0,"model":{"type":"minecraft:model","model":"nova:gen_model/491"}},{"threshold":347.0,"model":{"type":"minecraft:model","model":"nova:gen_model/492"}},{"threshold":348.0,"model":{"type":"minecraft:model","model":"nova:gen_model/493"}},{"threshold":349.0,"model":{"type":"minecraft:model","model":"nova:gen_model/494"}},{"threshold":350.0,"model":{"type":"minecraft:model","model":"nova:gen_model/495"}},{"threshold":351.0,"model":{"type":"minecraft:model","model":"nova:gen_model/496"}},{"threshold":352.0,"model":{"type":"minecraft:model","model":"nova:gen_model/497"}},{"threshold":353.0,"model":{"type":"minecraft:model","model":"nova:gen_model/498"}},{"threshold":354.0,"model":{"type":"minecraft:model","model":"nova:gen_model/499"}},{"threshold":355.0,"model":{"type":"minecraft:model","model":"nova:gen_model/500"}},{"threshold":356.0,"model":{"type":"minecraft:model","model":"nova:gen_model/501"}},{"threshold":357.0,"model":{"type":"minecraft:model","model":"nova:gen_model/502"}},{"threshold":358.0,"model":{"type":"minecraft:model","model":"nova:gen_model/503"}},{"threshold":359.0,"model":{"type":"minecraft:model","model":"nova:gen_model/504"}},{"threshold":360.0,"model":{"type":"minecraft:model","model":"nova:gen_model/505"}},{"threshold":361.0,"model":{"type":"minecraft:model","model":"nova:gen_model/506"}},{"threshold":362.0,"model":{"type":"minecraft:model","model":"nova:gen_model/507"}},{"threshold":363.0,"model":{"type":"minecraft:model","model":"nova:gen_model/508"}},{"threshold":364.0,"model":{"type":"minecraft:model","model":"nova:gen_model/509"}},{"threshold":365.0,"model":{"type":"minecraft:model","model":"nova:gen_model/510"}},{"threshold":366.0,"model":{"type":"minecraft:model","model":"nova:gen_model/511"}},{"threshold":367.0,"model":{"type":"minecraft:model","model":"nova:gen_model/512"}},{"threshold":368.0,"model":{"type":"minecraft:model","model":"nova:gen_model/513"}},{"threshold":369.0,"model":{"type":"minecraft:model","model":"nova:gen_model/514"}},{"threshold":370.0,"model":{"type":"minecraft:model","model":"nova:gen_model/515"}},{"threshold":371.0,"model":{"type":"minecraft:model","model":"nova:gen_model/516"}},{"threshold":372.0,"model":{"type":"minecraft:model","model":"nova:gen_model/517"}},{"threshold":373.0,"model":{"type":"minecraft:model","model":"nova:gen_model/518"}},{"threshold":374.0,"model":{"type":"minecraft:model","model":"nova:gen_model/519"}},{"threshold":375.0,"model":{"type":"minecraft:model","model":"nova:gen_model/520"}},{"threshold":376.0,"model":{"type":"minecraft:model","model":"nova:gen_model/521"}},{"threshold":377.0,"model":{"type":"minecraft:model","model":"nova:gen_model/522"}},{"threshold":378.0,"model":{"type":"minecraft:model","model":"nova:gen_model/523"}},{"threshold":379.0,"model":{"type":"minecraft:model","model":"nova:gen_model/524"}},{"threshold":380.0,"model":{"type":"minecraft:model","model":"nova:gen_model/525"}},{"threshold":381.0,"model":{"type":"minecraft:model","model":"nova:gen_model/526"}},{"threshold":382.0,"model":{"type":"minecraft:model","model":"nova:gen_model/527"}},{"threshold":383.0,"model":{"type":"minecraft:model","model":"nova:gen_model/528"}},{"threshold":384.0,"model":{"type":"minecraft:model","model":"nova:gen_model/529"}},{"threshold":385.0,"model":{"type":"minecraft:model","model":"nova:gen_model/530"}},{"threshold":386.0,"model":{"type":"minecraft:model","model":"nova:gen_model/531"}},{"threshold":387.0,"model":{"type":"minecraft:model","model":"nova:gen_model/532"}},{"threshold":388.0,"model":{"type":"minecraft:model","model":"nova:gen_model/533"}},{"threshold":389.0,"model":{"type":"minecraft:model","model":"nova:gen_model/534"}},{"threshold":390.0,"model":{"type":"minecraft:model","model":"nova:gen_model/535"}},{"threshold":391.0,"model":{"type":"minecraft:model","model":"nova:gen_model/536"}},{"threshold":392.0,"model":{"type":"minecraft:model","model":"nova:gen_model/537"}},{"threshold":393.0,"model":{"type":"minecraft:model","model":"nova:gen_model/538"}},{"threshold":394.0,"model":{"type":"minecraft:model","model":"nova:gen_model/539"}},{"threshold":395.0,"model":{"type":"minecraft:model","model":"nova:gen_model/540"}},{"threshold":396.0,"model":{"type":"minecraft:model","model":"nova:gen_model/541"}},{"threshold":397.0,"model":{"type":"minecraft:model","model":"nova:gen_model/542"}},{"threshold":398.0,"model":{"type":"minecraft:model","model":"nova:gen_model/543"}},{"threshold":399.0,"model":{"type":"minecraft:model","model":"nova:gen_model/544"}},{"threshold":400.0,"model":{"type":"minecraft:model","model":"nova:gen_model/545"}},{"threshold":401.0,"model":{"type":"minecraft:model","model":"nova:gen_model/546"}},{"threshold":402.0,"model":{"type":"minecraft:model","model":"nova:gen_model/547"}},{"threshold":403.0,"model":{"type":"minecraft:model","model":"nova:gen_model/548"}},{"threshold":404.0,"model":{"type":"minecraft:model","model":"nova:gen_model/549"}},{"threshold":405.0,"model":{"type":"minecraft:model","model":"nova:gen_model/550"}},{"threshold":406.0,"model":{"type":"minecraft:model","model":"nova:gen_model/551"}},{"threshold":407.0,"model":{"type":"minecraft:model","model":"nova:gen_model/552"}},{"threshold":408.0,"model":{"type":"minecraft:model","model":"nova:gen_model/553"}},{"threshold":409.0,"model":{"type":"minecraft:model","model":"nova:gen_model/554"}},{"threshold":410.0,"model":{"type":"minecraft:model","model":"nova:gen_model/555"}},{"threshold":411.0,"model":{"type":"minecraft:model","model":"nova:gen_model/556"}},{"threshold":412.0,"model":{"type":"minecraft:model","model":"nova:gen_model/557"}},{"threshold":413.0,"model":{"type":"minecraft:model","model":"nova:gen_model/558"}},{"threshold":414.0,"model":{"type":"minecraft:model","model":"nova:gen_model/559"}},{"threshold":415.0,"model":{"type":"minecraft:model","model":"nova:gen_model/560"}},{"threshold":416.0,"model":{"type":"minecraft:model","model":"nova:gen_model/561"}},{"threshold":417.0,"model":{"type":"minecraft:model","model":"nova:gen_model/562"}},{"threshold":418.0,"model":{"type":"minecraft:model","model":"nova:gen_model/563"}},{"threshold":419.0,"model":{"type":"minecraft:model","model":"nova:gen_model/564"}},{"threshold":420.0,"model":{"type":"minecraft:model","model":"nova:gen_model/565"}},{"threshold":421.0,"model":{"type":"minecraft:model","model":"nova:gen_model/566"}},{"threshold":422.0,"model":{"type":"minecraft:model","model":"nova:gen_model/567"}},{"threshold":423.0,"model":{"type":"minecraft:model","model":"nova:gen_model/568"}},{"threshold":424.0,"model":{"type":"minecraft:model","model":"nova:gen_model/569"}},{"threshold":425.0,"model":{"type":"minecraft:model","model":"nova:gen_model/570"}},{"threshold":426.0,"model":{"type":"minecraft:model","model":"nova:gen_model/571"}},{"threshold":427.0,"model":{"type":"minecraft:model","model":"nova:gen_model/572"}},{"threshold":428.0,"model":{"type":"minecraft:model","model":"nova:gen_model/573"}},{"threshold":429.0,"model":{"type":"minecraft:model","model":"nova:gen_model/574"}},{"threshold":430.0,"model":{"type":"minecraft:model","model":"nova:gen_model/575"}},{"threshold":431.0,"model":{"type":"minecraft:model","model":"nova:gen_model/576"}},{"threshold":432.0,"model":{"type":"minecraft:model","model":"nova:gen_model/577"}},{"threshold":433.0,"model":{"type":"minecraft:model","model":"nova:gen_model/578"}},{"threshold":434.0,"model":{"type":"minecraft:model","model":"nova:gen_model/579"}},{"threshold":435.0,"model":{"type":"minecraft:model","model":"nova:gen_model/580"}},{"threshold":436.0,"model":{"type":"minecraft:model","model":"nova:gen_model/581"}},{"threshold":437.0,"model":{"type":"minecraft:model","model":"nova:gen_model/582"}},{"threshold":438.0,"model":{"type":"minecraft:model","model":"nova:gen_model/583"}},{"threshold":439.0,"model":{"type":"minecraft:model","model":"nova:gen_model/584"}},{"threshold":440.0,"model":{"type":"minecraft:model","model":"nova:gen_model/585"}},{"threshold":441.0,"model":{"type":"minecraft:model","model":"nova:gen_model/586"}},{"threshold":442.0,"model":{"type":"minecraft:model","model":"nova:gen_model/587"}},{"threshold":443.0,"model":{"type":"minecraft:model","model":"nova:gen_model/588"}},{"threshold":444.0,"model":{"type":"minecraft:model","model":"nova:gen_model/589"}},{"threshold":445.0,"model":{"type":"minecraft:model","model":"nova:gen_model/590"}},{"threshold":446.0,"model":{"type":"minecraft:model","model":"nova:gen_model/591"}},{"threshold":447.0,"model":{"type":"minecraft:model","model":"nova:gen_model/592"}},{"threshold":448.0,"model":{"type":"minecraft:model","model":"nova:gen_model/593"}},{"threshold":449.0,"model":{"type":"minecraft:model","model":"nova:gen_model/594"}},{"threshold":450.0,"model":{"type":"minecraft:model","model":"nova:gen_model/595"}},{"threshold":451.0,"model":{"type":"minecraft:model","model":"nova:gen_model/596"}},{"threshold":452.0,"model":{"type":"minecraft:model","model":"nova:gen_model/597"}},{"threshold":453.0,"model":{"type":"minecraft:model","model":"nova:gen_model/598"}},{"threshold":454.0,"model":{"type":"minecraft:model","model":"nova:gen_model/599"}},{"threshold":455.0,"model":{"type":"minecraft:model","model":"nova:gen_model/600"}},{"threshold":456.0,"model":{"type":"minecraft:model","model":"nova:gen_model/601"}},{"threshold":457.0,"model":{"type":"minecraft:model","model":"nova:gen_model/602"}},{"threshold":458.0,"model":{"type":"minecraft:model","model":"nova:gen_model/603"}},{"threshold":459.0,"model":{"type":"minecraft:model","model":"nova:gen_model/604"}},{"threshold":460.0,"model":{"type":"minecraft:model","model":"nova:gen_model/605"}},{"threshold":461.0,"model":{"type":"minecraft:model","model":"nova:gen_model/606"}},{"threshold":462.0,"model":{"type":"minecraft:model","model":"nova:gen_model/607"}},{"threshold":463.0,"model":{"type":"minecraft:model","model":"nova:gen_model/608"}},{"threshold":464.0,"model":{"type":"minecraft:model","model":"nova:gen_model/609"}},{"threshold":465.0,"model":{"type":"minecraft:model","model":"nova:gen_model/610"}},{"threshold":466.0,"model":{"type":"minecraft:model","model":"nova:gen_model/611"}},{"threshold":467.0,"model":{"type":"minecraft:model","model":"nova:gen_model/612"}},{"threshold":468.0,"model":{"type":"minecraft:model","model":"nova:gen_model/613"}},{"threshold":469.0,"model":{"type":"minecraft:model","model":"nova:gen_model/614"}},{"threshold":470.0,"model":{"type":"minecraft:model","model":"nova:gen_model/615"}},{"threshold":471.0,"model":{"type":"minecraft:model","model":"nova:gen_model/616"}},{"threshold":472.0,"model":{"type":"minecraft:model","model":"nova:gen_model/617"}},{"threshold":473.0,"model":{"type":"minecraft:model","model":"nova:gen_model/618"}},{"threshold":474.0,"model":{"type":"minecraft:model","model":"nova:gen_model/619"}},{"threshold":475.0,"model":{"type":"minecraft:model","model":"nova:gen_model/620"}},{"threshold":476.0,"model":{"type":"minecraft:model","model":"nova:gen_model/621"}},{"threshold":477.0,"model":{"type":"minecraft:model","model":"nova:gen_model/622"}},{"threshold":478.0,"model":{"type":"minecraft:model","model":"nova:gen_model/623"}},{"threshold":479.0,"model":{"type":"minecraft:model","model":"nova:gen_model/624"}},{"threshold":480.0,"model":{"type":"minecraft:model","model":"nova:gen_model/625"}},{"threshold":481.0,"model":{"type":"minecraft:model","model":"nova:gen_model/626"}},{"threshold":482.0,"model":{"type":"minecraft:model","model":"nova:gen_model/627"}},{"threshold":483.0,"model":{"type":"minecraft:model","model":"nova:gen_model/628"}},{"threshold":484.0,"model":{"type":"minecraft:model","model":"nova:gen_model/629"}},{"threshold":485.0,"model":{"type":"minecraft:model","model":"nova:gen_model/630"}},{"threshold":486.0,"model":{"type":"minecraft:model","model":"nova:gen_model/631"}},{"threshold":487.0,"model":{"type":"minecraft:model","model":"nova:gen_model/632"}},{"threshold":488.0,"model":{"type":"minecraft:model","model":"nova:gen_model/633"}},{"threshold":489.0,"model":{"type":"minecraft:model","model":"nova:gen_model/634"}},{"threshold":490.0,"model":{"type":"minecraft:model","model":"nova:gen_model/635"}},{"threshold":491.0,"model":{"type":"minecraft:model","model":"nova:gen_model/636"}},{"threshold":492.0,"model":{"type":"minecraft:model","model":"nova:gen_model/637"}},{"threshold":493.0,"model":{"type":"minecraft:model","model":"nova:gen_model/638"}},{"threshold":494.0,"model":{"type":"minecraft:model","model":"nova:gen_model/639"}},{"threshold":495.0,"model":{"type":"minecraft:model","model":"nova:gen_model/640"}},{"threshold":496.0,"model":{"type":"minecraft:model","model":"nova:gen_model/641"}},{"threshold":497.0,"model":{"type":"minecraft:model","model":"nova:gen_model/642"}},{"threshold":498.0,"model":{"type":"minecraft:model","model":"nova:gen_model/643"}},{"threshold":499.0,"model":{"type":"minecraft:model","model":"nova:gen_model/644"}},{"threshold":500.0,"model":{"type":"minecraft:model","model":"nova:gen_model/645"}},{"threshold":501.0,"model":{"type":"minecraft:model","model":"nova:gen_model/646"}},{"threshold":502.0,"model":{"type":"minecraft:model","model":"nova:gen_model/647"}},{"threshold":503.0,"model":{"type":"minecraft:model","model":"nova:gen_model/648"}},{"threshold":504.0,"model":{"type":"minecraft:model","model":"nova:gen_model/649"}},{"threshold":505.0,"model":{"type":"minecraft:model","model":"nova:gen_model/650"}},{"threshold":506.0,"model":{"type":"minecraft:model","model":"nova:gen_model/651"}},{"threshold":507.0,"model":{"type":"minecraft:model","model":"nova:gen_model/652"}},{"threshold":508.0,"model":{"type":"minecraft:model","model":"nova:gen_model/653"}},{"threshold":509.0,"model":{"type":"minecraft:model","model":"nova:gen_model/654"}},{"threshold":510.0,"model":{"type":"minecraft:model","model":"nova:gen_model/655"}},{"threshold":511.0,"model":{"type":"minecraft:model","model":"nova:gen_model/656"}},{"threshold":512.0,"model":{"type":"minecraft:model","model":"nova:gen_model/657"}},{"threshold":513.0,"model":{"type":"minecraft:model","model":"nova:gen_model/658"}},{"threshold":514.0,"model":{"type":"minecraft:model","model":"nova:gen_model/659"}},{"threshold":515.0,"model":{"type":"minecraft:model","model":"nova:gen_model/660"}},{"threshold":516.0,"model":{"type":"minecraft:model","model":"nova:gen_model/661"}},{"threshold":517.0,"model":{"type":"minecraft:model","model":"nova:gen_model/662"}},{"threshold":518.0,"model":{"type":"minecraft:model","model":"nova:gen_model/663"}},{"threshold":519.0,"model":{"type":"minecraft:model","model":"nova:gen_model/664"}},{"threshold":520.0,"model":{"type":"minecraft:model","model":"nova:gen_model/665"}},{"threshold":521.0,"model":{"type":"minecraft:model","model":"nova:gen_model/666"}},{"threshold":522.0,"model":{"type":"minecraft:model","model":"nova:gen_model/667"}},{"threshold":523.0,"model":{"type":"minecraft:model","model":"nova:gen_model/668"}},{"threshold":524.0,"model":{"type":"minecraft:model","model":"nova:gen_model/669"}},{"threshold":525.0,"model":{"type":"minecraft:model","model":"nova:gen_model/670"}},{"threshold":526.0,"model":{"type":"minecraft:model","model":"nova:gen_model/671"}},{"threshold":527.0,"model":{"type":"minecraft:model","model":"nova:gen_model/672"}},{"threshold":528.0,"model":{"type":"minecraft:model","model":"nova:gen_model/673"}},{"threshold":529.0,"model":{"type":"minecraft:model","model":"nova:gen_model/674"}},{"threshold":530.0,"model":{"type":"minecraft:model","model":"nova:gen_model/675"}},{"threshold":531.0,"model":{"type":"minecraft:model","model":"nova:gen_model/676"}},{"threshold":532.0,"model":{"type":"minecraft:model","model":"nova:gen_model/677"}},{"threshold":533.0,"model":{"type":"minecraft:model","model":"nova:gen_model/678"}},{"threshold":534.0,"model":{"type":"minecraft:model","model":"nova:gen_model/679"}},{"threshold":535.0,"model":{"type":"minecraft:model","model":"nova:gen_model/680"}},{"threshold":536.0,"model":{"type":"minecraft:model","model":"nova:gen_model/681"}},{"threshold":537.0,"model":{"type":"minecraft:model","model":"nova:gen_model/682"}},{"threshold":538.0,"model":{"type":"minecraft:model","model":"nova:gen_model/683"}},{"threshold":539.0,"model":{"type":"minecraft:model","model":"nova:gen_model/684"}},{"threshold":540.0,"model":{"type":"minecraft:model","model":"nova:gen_model/685"}},{"threshold":541.0,"model":{"type":"minecraft:model","model":"nova:gen_model/686"}},{"threshold":542.0,"model":{"type":"minecraft:model","model":"nova:gen_model/687"}},{"threshold":543.0,"model":{"type":"minecraft:model","model":"nova:gen_model/688"}},{"threshold":544.0,"model":{"type":"minecraft:model","model":"nova:gen_model/689"}},{"threshold":545.0,"model":{"type":"minecraft:model","model":"nova:gen_model/690"}},{"threshold":546.0,"model":{"type":"minecraft:model","model":"nova:gen_model/691"}},{"threshold":547.0,"model":{"type":"minecraft:model","model":"nova:gen_model/692"}},{"threshold":548.0,"model":{"type":"minecraft:model","model":"nova:gen_model/693"}},{"threshold":549.0,"model":{"type":"minecraft:model","model":"nova:gen_model/694"}},{"threshold":550.0,"model":{"type":"minecraft:model","model":"nova:gen_model/695"}},{"threshold":551.0,"model":{"type":"minecraft:model","model":"nova:gen_model/696"}},{"threshold":552.0,"model":{"type":"minecraft:model","model":"nova:gen_model/697"}},{"threshold":553.0,"model":{"type":"minecraft:model","model":"nova:gen_model/698"}},{"threshold":554.0,"model":{"type":"minecraft:model","model":"nova:gen_model/699"}},{"threshold":555.0,"model":{"type":"minecraft:model","model":"nova:gen_model/700"}},{"threshold":556.0,"model":{"type":"minecraft:model","model":"nova:gen_model/701"}},{"threshold":557.0,"model":{"type":"minecraft:model","model":"nova:gen_model/702"}},{"threshold":558.0,"model":{"type":"minecraft:model","model":"nova:gen_model/703"}},{"threshold":559.0,"model":{"type":"minecraft:model","model":"nova:gen_model/704"}},{"threshold":560.0,"model":{"type":"minecraft:model","model":"nova:gen_model/705"}},{"threshold":561.0,"model":{"type":"minecraft:model","model":"nova:gen_model/706"}},{"threshold":562.0,"model":{"type":"minecraft:model","model":"nova:gen_model/707"}},{"threshold":563.0,"model":{"type":"minecraft:model","model":"nova:gen_model/708"}},{"threshold":564.0,"model":{"type":"minecraft:model","model":"nova:gen_model/709"}},{"threshold":565.0,"model":{"type":"minecraft:model","model":"nova:gen_model/710"}},{"threshold":566.0,"model":{"type":"minecraft:model","model":"nova:gen_model/711"}},{"threshold":567.0,"model":{"type":"minecraft:model","model":"nova:gen_model/712"}},{"threshold":568.0,"model":{"type":"minecraft:model","model":"nova:gen_model/713"}},{"threshold":569.0,"model":{"type":"minecraft:model","model":"nova:gen_model/714"}},{"threshold":570.0,"model":{"type":"minecraft:model","model":"nova:gen_model/715"}},{"threshold":571.0,"model":{"type":"minecraft:model","model":"nova:gen_model/716"}},{"threshold":572.0,"model":{"type":"minecraft:model","model":"nova:gen_model/717"}},{"threshold":573.0,"model":{"type":"minecraft:model","model":"nova:gen_model/718"}},{"threshold":574.0,"model":{"type":"minecraft:model","model":"nova:gen_model/719"}},{"threshold":575.0,"model":{"type":"minecraft:model","model":"nova:gen_model/720"}},{"threshold":576.0,"model":{"type":"minecraft:model","model":"nova:gen_model/721"}},{"threshold":577.0,"model":{"type":"minecraft:model","model":"nova:gen_model/722"}},{"threshold":578.0,"model":{"type":"minecraft:model","model":"nova:gen_model/723"}},{"threshold":579.0,"model":{"type":"minecraft:model","model":"nova:gen_model/724"}},{"threshold":580.0,"model":{"type":"minecraft:model","model":"nova:gen_model/725"}},{"threshold":581.0,"model":{"type":"minecraft:model","model":"nova:gen_model/726"}},{"threshold":582.0,"model":{"type":"minecraft:model","model":"nova:gen_model/727"}},{"threshold":583.0,"model":{"type":"minecraft:model","model":"nova:gen_model/728"}},{"threshold":584.0,"model":{"type":"minecraft:model","model":"nova:gen_model/729"}},{"threshold":585.0,"model":{"type":"minecraft:model","model":"nova:gen_model/730"}},{"threshold":586.0,"model":{"type":"minecraft:model","model":"nova:gen_model/731"}},{"threshold":587.0,"model":{"type":"minecraft:model","model":"nova:gen_model/732"}},{"threshold":588.0,"model":{"type":"minecraft:model","model":"nova:gen_model/733"}},{"threshold":589.0,"model":{"type":"minecraft:model","model":"nova:gen_model/734"}},{"threshold":590.0,"model":{"type":"minecraft:model","model":"nova:gen_model/735"}},{"threshold":591.0,"model":{"type":"minecraft:model","model":"nova:gen_model/736"}},{"threshold":592.0,"model":{"type":"minecraft:model","model":"nova:gen_model/737"}},{"threshold":593.0,"model":{"type":"minecraft:model","model":"nova:gen_model/738"}},{"threshold":594.0,"model":{"type":"minecraft:model","model":"nova:gen_model/739"}},{"threshold":595.0,"model":{"type":"minecraft:model","model":"nova:gen_model/740"}},{"threshold":596.0,"model":{"type":"minecraft:model","model":"nova:gen_model/741"}},{"threshold":597.0,"model":{"type":"minecraft:model","model":"nova:gen_model/742"}},{"threshold":598.0,"model":{"type":"minecraft:model","model":"nova:gen_model/743"}},{"threshold":599.0,"model":{"type":"minecraft:model","model":"nova:gen_model/744"}},{"threshold":600.0,"model":{"type":"minecraft:model","model":"nova:gen_model/745"}},{"threshold":601.0,"model":{"type":"minecraft:model","model":"nova:gen_model/746"}},{"threshold":602.0,"model":{"type":"minecraft:model","model":"nova:gen_model/747"}},{"threshold":603.0,"model":{"type":"minecraft:model","model":"nova:gen_model/748"}},{"threshold":604.0,"model":{"type":"minecraft:model","model":"nova:gen_model/749"}},{"threshold":605.0,"model":{"type":"minecraft:model","model":"nova:gen_model/750"}},{"threshold":606.0,"model":{"type":"minecraft:model","model":"nova:gen_model/751"}},{"threshold":607.0,"model":{"type":"minecraft:model","model":"nova:gen_model/752"}},{"threshold":608.0,"model":{"type":"minecraft:model","model":"nova:gen_model/753"}},{"threshold":609.0,"model":{"type":"minecraft:model","model":"nova:gen_model/754"}},{"threshold":610.0,"model":{"type":"minecraft:model","model":"nova:gen_model/755"}},{"threshold":611.0,"model":{"type":"minecraft:model","model":"nova:gen_model/756"}},{"threshold":612.0,"model":{"type":"minecraft:model","model":"nova:gen_model/757"}},{"threshold":613.0,"model":{"type":"minecraft:model","model":"nova:gen_model/758"}},{"threshold":614.0,"model":{"type":"minecraft:model","model":"nova:gen_model/759"}},{"threshold":615.0,"model":{"type":"minecraft:model","model":"nova:gen_model/760"}},{"threshold":616.0,"model":{"type":"minecraft:model","model":"nova:gen_model/761"}},{"threshold":617.0,"model":{"type":"minecraft:model","model":"nova:gen_model/762"}},{"threshold":618.0,"model":{"type":"minecraft:model","model":"nova:gen_model/763"}},{"threshold":619.0,"model":{"type":"minecraft:model","model":"nova:gen_model/764"}},{"threshold":620.0,"model":{"type":"minecraft:model","model":"nova:gen_model/765"}},{"threshold":621.0,"model":{"type":"minecraft:model","model":"nova:gen_model/766"}},{"threshold":622.0,"model":{"type":"minecraft:model","model":"nova:gen_model/767"}},{"threshold":623.0,"model":{"type":"minecraft:model","model":"nova:gen_model/768"}},{"threshold":624.0,"model":{"type":"minecraft:model","model":"nova:gen_model/769"}},{"threshold":625.0,"model":{"type":"minecraft:model","model":"nova:gen_model/770"}},{"threshold":626.0,"model":{"type":"minecraft:model","model":"nova:gen_model/771"}},{"threshold":627.0,"model":{"type":"minecraft:model","model":"nova:gen_model/772"}},{"threshold":628.0,"model":{"type":"minecraft:model","model":"nova:gen_model/773"}},{"threshold":629.0,"model":{"type":"minecraft:model","model":"nova:gen_model/774"}},{"threshold":630.0,"model":{"type":"minecraft:model","model":"nova:gen_model/775"}},{"threshold":631.0,"model":{"type":"minecraft:model","model":"nova:gen_model/776"}},{"threshold":632.0,"model":{"type":"minecraft:model","model":"nova:gen_model/777"}},{"threshold":633.0,"model":{"type":"minecraft:model","model":"nova:gen_model/778"}},{"threshold":634.0,"model":{"type":"minecraft:model","model":"nova:gen_model/779"}},{"threshold":635.0,"model":{"type":"minecraft:model","model":"nova:gen_model/780"}},{"threshold":636.0,"model":{"type":"minecraft:model","model":"nova:gen_model/781"}},{"threshold":637.0,"model":{"type":"minecraft:model","model":"nova:gen_model/782"}},{"threshold":638.0,"model":{"type":"minecraft:model","model":"nova:gen_model/783"}},{"threshold":639.0,"model":{"type":"minecraft:model","model":"nova:gen_model/784"}},{"threshold":640.0,"model":{"type":"minecraft:model","model":"nova:gen_model/785"}},{"threshold":641.0,"model":{"type":"minecraft:model","model":"nova:gen_model/786"}},{"threshold":642.0,"model":{"type":"minecraft:model","model":"nova:gen_model/787"}},{"threshold":643.0,"model":{"type":"minecraft:model","model":"nova:gen_model/788"}},{"threshold":644.0,"model":{"type":"minecraft:model","model":"nova:gen_model/789"}},{"threshold":645.0,"model":{"type":"minecraft:model","model":"nova:gen_model/790"}},{"threshold":646.0,"model":{"type":"minecraft:model","model":"nova:gen_model/791"}},{"threshold":647.0,"model":{"type":"minecraft:model","model":"nova:gen_model/792"}},{"threshold":648.0,"model":{"type":"minecraft:model","model":"nova:gen_model/793"}},{"threshold":649.0,"model":{"type":"minecraft:model","model":"nova:gen_model/794"}},{"threshold":650.0,"model":{"type":"minecraft:model","model":"nova:gen_model/795"}},{"threshold":651.0,"model":{"type":"minecraft:model","model":"nova:gen_model/796"}},{"threshold":652.0,"model":{"type":"minecraft:model","model":"nova:gen_model/797"}},{"threshold":653.0,"model":{"type":"minecraft:model","model":"nova:gen_model/798"}},{"threshold":654.0,"model":{"type":"minecraft:model","model":"nova:gen_model/799"}},{"threshold":655.0,"model":{"type":"minecraft:model","model":"nova:gen_model/800"}},{"threshold":656.0,"model":{"type":"minecraft:model","model":"nova:gen_model/801"}},{"threshold":657.0,"model":{"type":"minecraft:model","model":"nova:gen_model/802"}},{"threshold":658.0,"model":{"type":"minecraft:model","model":"nova:gen_model/803"}},{"threshold":659.0,"model":{"type":"minecraft:model","model":"nova:gen_model/804"}},{"threshold":660.0,"model":{"type":"minecraft:model","model":"nova:gen_model/805"}},{"threshold":661.0,"model":{"type":"minecraft:model","model":"nova:gen_model/806"}},{"threshold":662.0,"model":{"type":"minecraft:model","model":"nova:gen_model/807"}},{"threshold":663.0,"model":{"type":"minecraft:model","model":"nova:gen_model/808"}},{"threshold":664.0,"model":{"type":"minecraft:model","model":"nova:gen_model/809"}},{"threshold":665.0,"model":{"type":"minecraft:model","model":"nova:gen_model/810"}},{"threshold":666.0,"model":{"type":"minecraft:model","model":"nova:gen_model/811"}},{"threshold":667.0,"model":{"type":"minecraft:model","model":"nova:gen_model/812"}},{"threshold":668.0,"model":{"type":"minecraft:model","model":"nova:gen_model/813"}},{"threshold":669.0,"model":{"type":"minecraft:model","model":"nova:gen_model/814"}},{"threshold":670.0,"model":{"type":"minecraft:model","model":"nova:gen_model/815"}},{"threshold":671.0,"model":{"type":"minecraft:model","model":"nova:gen_model/816"}},{"threshold":672.0,"model":{"type":"minecraft:model","model":"nova:gen_model/817"}},{"threshold":673.0,"model":{"type":"minecraft:model","model":"nova:gen_model/818"}},{"threshold":674.0,"model":{"type":"minecraft:model","model":"nova:gen_model/819"}},{"threshold":675.0,"model":{"type":"minecraft:model","model":"nova:gen_model/820"}},{"threshold":676.0,"model":{"type":"minecraft:model","model":"nova:gen_model/821"}},{"threshold":677.0,"model":{"type":"minecraft:model","model":"nova:gen_model/822"}},{"threshold":678.0,"model":{"type":"minecraft:model","model":"nova:gen_model/823"}},{"threshold":679.0,"model":{"type":"minecraft:model","model":"nova:gen_model/824"}},{"threshold":680.0,"model":{"type":"minecraft:model","model":"nova:gen_model/825"}},{"threshold":681.0,"model":{"type":"minecraft:model","model":"nova:gen_model/826"}},{"threshold":682.0,"model":{"type":"minecraft:model","model":"nova:gen_model/827"}},{"threshold":683.0,"model":{"type":"minecraft:model","model":"nova:gen_model/828"}},{"threshold":684.0,"model":{"type":"minecraft:model","model":"nova:gen_model/829"}},{"threshold":685.0,"model":{"type":"minecraft:model","model":"nova:gen_model/830"}},{"threshold":686.0,"model":{"type":"minecraft:model","model":"nova:gen_model/831"}},{"threshold":687.0,"model":{"type":"minecraft:model","model":"nova:gen_model/832"}},{"threshold":688.0,"model":{"type":"minecraft:model","model":"nova:gen_model/833"}},{"threshold":689.0,"model":{"type":"minecraft:model","model":"nova:gen_model/834"}},{"threshold":690.0,"model":{"type":"minecraft:model","model":"nova:gen_model/835"}},{"threshold":691.0,"model":{"type":"minecraft:model","model":"nova:gen_model/836"}},{"threshold":692.0,"model":{"type":"minecraft:model","model":"nova:gen_model/837"}},{"threshold":693.0,"model":{"type":"minecraft:model","model":"nova:gen_model/838"}},{"threshold":694.0,"model":{"type":"minecraft:model","model":"nova:gen_model/839"}},{"threshold":695.0,"model":{"type":"minecraft:model","model":"nova:gen_model/840"}},{"threshold":696.0,"model":{"type":"minecraft:model","model":"nova:gen_model/841"}},{"threshold":697.0,"model":{"type":"minecraft:model","model":"nova:gen_model/842"}},{"threshold":698.0,"model":{"type":"minecraft:model","model":"nova:gen_model/843"}},{"threshold":699.0,"model":{"type":"minecraft:model","model":"nova:gen_model/844"}},{"threshold":700.0,"model":{"type":"minecraft:model","model":"nova:gen_model/845"}},{"threshold":701.0,"model":{"type":"minecraft:model","model":"nova:gen_model/846"}},{"threshold":702.0,"model":{"type":"minecraft:model","model":"nova:gen_model/847"}},{"threshold":703.0,"model":{"type":"minecraft:model","model":"nova:gen_model/848"}},{"threshold":704.0,"model":{"type":"minecraft:model","model":"nova:gen_model/849"}},{"threshold":705.0,"model":{"type":"minecraft:model","model":"nova:gen_model/850"}},{"threshold":706.0,"model":{"type":"minecraft:model","model":"nova:gen_model/851"}},{"threshold":707.0,"model":{"type":"minecraft:model","model":"nova:gen_model/852"}},{"threshold":708.0,"model":{"type":"minecraft:model","model":"nova:gen_model/853"}},{"threshold":709.0,"model":{"type":"minecraft:model","model":"nova:gen_model/854"}},{"threshold":710.0,"model":{"type":"minecraft:model","model":"nova:gen_model/855"}},{"threshold":711.0,"model":{"type":"minecraft:model","model":"nova:gen_model/856"}},{"threshold":712.0,"model":{"type":"minecraft:model","model":"nova:gen_model/857"}},{"threshold":713.0,"model":{"type":"minecraft:model","model":"nova:gen_model/858"}},{"threshold":714.0,"model":{"type":"minecraft:model","model":"nova:gen_model/859"}},{"threshold":715.0,"model":{"type":"minecraft:model","model":"nova:gen_model/860"}},{"threshold":716.0,"model":{"type":"minecraft:model","model":"nova:gen_model/861"}},{"threshold":717.0,"model":{"type":"minecraft:model","model":"nova:gen_model/862"}},{"threshold":718.0,"model":{"type":"minecraft:model","model":"nova:gen_model/863"}},{"threshold":719.0,"model":{"type":"minecraft:model","model":"nova:gen_model/864"}},{"threshold":720.0,"model":{"type":"minecraft:model","model":"nova:gen_model/865"}},{"threshold":721.0,"model":{"type":"minecraft:model","model":"nova:gen_model/866"}},{"threshold":722.0,"model":{"type":"minecraft:model","model":"nova:gen_model/867"}},{"threshold":723.0,"model":{"type":"minecraft:model","model":"nova:gen_model/868"}},{"threshold":724.0,"model":{"type":"minecraft:model","model":"nova:gen_model/869"}},{"threshold":725.0,"model":{"type":"minecraft:model","model":"nova:gen_model/870"}},{"threshold":726.0,"model":{"type":"minecraft:model","model":"nova:gen_model/871"}},{"threshold":727.0,"model":{"type":"minecraft:model","model":"nova:gen_model/872"}},{"threshold":728.0,"model":{"type":"minecraft:model","model":"nova:gen_model/873"}},{"threshold":729.0,"model":{"type":"minecraft:model","model":"nova:gen_model/874"}},{"threshold":730.0,"model":{"type":"minecraft:model","model":"nova:gen_model/875"}},{"threshold":731.0,"model":{"type":"minecraft:model","model":"nova:gen_model/876"}},{"threshold":732.0,"model":{"type":"minecraft:model","model":"nova:gen_model/877"}},{"threshold":733.0,"model":{"type":"minecraft:model","model":"nova:gen_model/878"}},{"threshold":734.0,"model":{"type":"minecraft:model","model":"nova:gen_model/879"}},{"threshold":735.0,"model":{"type":"minecraft:model","model":"nova:gen_model/880"}},{"threshold":736.0,"model":{"type":"minecraft:model","model":"nova:gen_model/881"}},{"threshold":737.0,"model":{"type":"minecraft:model","model":"nova:gen_model/882"}},{"threshold":738.0,"model":{"type":"minecraft:model","model":"nova:gen_model/883"}},{"threshold":739.0,"model":{"type":"minecraft:model","model":"nova:gen_model/884"}},{"threshold":740.0,"model":{"type":"minecraft:model","model":"nova:gen_model/885"}},{"threshold":741.0,"model":{"type":"minecraft:model","model":"nova:gen_model/886"}},{"threshold":742.0,"model":{"type":"minecraft:model","model":"nova:gen_model/887"}},{"threshold":743.0,"model":{"type":"minecraft:model","model":"nova:gen_model/888"}},{"threshold":744.0,"model":{"type":"minecraft:model","model":"nova:gen_model/889"}},{"threshold":745.0,"model":{"type":"minecraft:model","model":"nova:gen_model/890"}},{"threshold":746.0,"model":{"type":"minecraft:model","model":"nova:gen_model/891"}},{"threshold":747.0,"model":{"type":"minecraft:model","model":"nova:gen_model/892"}},{"threshold":748.0,"model":{"type":"minecraft:model","model":"nova:gen_model/893"}},{"threshold":749.0,"model":{"type":"minecraft:model","model":"nova:gen_model/894"}},{"threshold":750.0,"model":{"type":"minecraft:model","model":"nova:gen_model/895"}},{"threshold":751.0,"model":{"type":"minecraft:model","model":"nova:gen_model/896"}},{"threshold":752.0,"model":{"type":"minecraft:model","model":"nova:gen_model/897"}},{"threshold":753.0,"model":{"type":"minecraft:model","model":"nova:gen_model/898"}},{"threshold":754.0,"model":{"type":"minecraft:model","model":"nova:gen_model/899"}},{"threshold":755.0,"model":{"type":"minecraft:model","model":"nova:gen_model/900"}},{"threshold":756.0,"model":{"type":"minecraft:model","model":"nova:gen_model/901"}},{"threshold":757.0,"model":{"type":"minecraft:model","model":"nova:gen_model/902"}},{"threshold":758.0,"model":{"type":"minecraft:model","model":"nova:gen_model/903"}},{"threshold":759.0,"model":{"type":"minecraft:model","model":"nova:gen_model/904"}},{"threshold":760.0,"model":{"type":"minecraft:model","model":"nova:gen_model/905"}},{"threshold":761.0,"model":{"type":"minecraft:model","model":"nova:gen_model/906"}},{"threshold":762.0,"model":{"type":"minecraft:model","model":"nova:gen_model/907"}},{"threshold":763.0,"model":{"type":"minecraft:model","model":"nova:gen_model/908"}},{"threshold":764.0,"model":{"type":"minecraft:model","model":"nova:gen_model/909"}},{"threshold":765.0,"model":{"type":"minecraft:model","model":"nova:gen_model/910"}},{"threshold":766.0,"model":{"type":"minecraft:model","model":"nova:gen_model/911"}},{"threshold":767.0,"model":{"type":"minecraft:model","model":"nova:gen_model/912"}},{"threshold":768.0,"model":{"type":"minecraft:model","model":"nova:gen_model/913"}},{"threshold":769.0,"model":{"type":"minecraft:model","model":"nova:gen_model/914"}},{"threshold":770.0,"model":{"type":"minecraft:model","model":"nova:gen_model/915"}},{"threshold":771.0,"model":{"type":"minecraft:model","model":"nova:gen_model/916"}},{"threshold":772.0,"model":{"type":"minecraft:model","model":"nova:gen_model/917"}},{"threshold":773.0,"model":{"type":"minecraft:model","model":"nova:gen_model/918"}},{"threshold":774.0,"model":{"type":"minecraft:model","model":"nova:gen_model/919"}},{"threshold":775.0,"model":{"type":"minecraft:model","model":"nova:gen_model/920"}},{"threshold":776.0,"model":{"type":"minecraft:model","model":"nova:gen_model/921"}},{"threshold":777.0,"model":{"type":"minecraft:model","model":"nova:gen_model/922"}},{"threshold":778.0,"model":{"type":"minecraft:model","model":"nova:gen_model/923"}},{"threshold":779.0,"model":{"type":"minecraft:model","model":"nova:gen_model/924"}},{"threshold":780.0,"model":{"type":"minecraft:model","model":"nova:gen_model/925"}},{"threshold":781.0,"model":{"type":"minecraft:model","model":"nova:gen_model/926"}},{"threshold":782.0,"model":{"type":"minecraft:model","model":"nova:gen_model/927"}},{"threshold":783.0,"model":{"type":"minecraft:model","model":"nova:gen_model/928"}},{"threshold":784.0,"model":{"type":"minecraft:model","model":"nova:gen_model/929"}},{"threshold":785.0,"model":{"type":"minecraft:model","model":"nova:gen_model/930"}},{"threshold":786.0,"model":{"type":"minecraft:model","model":"nova:gen_model/931"}},{"threshold":787.0,"model":{"type":"minecraft:model","model":"nova:gen_model/932"}},{"threshold":788.0,"model":{"type":"minecraft:model","model":"nova:gen_model/933"}},{"threshold":789.0,"model":{"type":"minecraft:model","model":"nova:gen_model/934"}},{"threshold":790.0,"model":{"type":"minecraft:model","model":"nova:gen_model/935"}},{"threshold":791.0,"model":{"type":"minecraft:model","model":"nova:gen_model/936"}},{"threshold":792.0,"model":{"type":"minecraft:model","model":"nova:gen_model/937"}},{"threshold":793.0,"model":{"type":"minecraft:model","model":"nova:gen_model/938"}},{"threshold":794.0,"model":{"type":"minecraft:model","model":"nova:gen_model/939"}},{"threshold":795.0,"model":{"type":"minecraft:model","model":"nova:gen_model/940"}},{"threshold":796.0,"model":{"type":"minecraft:model","model":"nova:gen_model/941"}},{"threshold":797.0,"model":{"type":"minecraft:model","model":"nova:gen_model/942"}},{"threshold":798.0,"model":{"type":"minecraft:model","model":"nova:gen_model/943"}},{"threshold":799.0,"model":{"type":"minecraft:model","model":"nova:gen_model/944"}},{"threshold":800.0,"model":{"type":"minecraft:model","model":"nova:gen_model/945"}},{"threshold":801.0,"model":{"type":"minecraft:model","model":"nova:gen_model/946"}},{"threshold":802.0,"model":{"type":"minecraft:model","model":"nova:gen_model/947"}},{"threshold":803.0,"model":{"type":"minecraft:model","model":"nova:gen_model/948"}},{"threshold":804.0,"model":{"type":"minecraft:model","model":"nova:gen_model/949"}},{"threshold":805.0,"model":{"type":"minecraft:model","model":"nova:gen_model/950"}},{"threshold":806.0,"model":{"type":"minecraft:model","model":"nova:gen_model/951"}},{"threshold":807.0,"model":{"type":"minecraft:model","model":"nova:gen_model/952"}},{"threshold":808.0,"model":{"type":"minecraft:model","model":"nova:gen_model/953"}},{"threshold":809.0,"model":{"type":"minecraft:model","model":"nova:gen_model/954"}},{"threshold":810.0,"model":{"type":"minecraft:model","model":"nova:gen_model/955"}},{"threshold":811.0,"model":{"type":"minecraft:model","model":"nova:gen_model/956"}},{"threshold":812.0,"model":{"type":"minecraft:model","model":"nova:gen_model/957"}},{"threshold":813.0,"model":{"type":"minecraft:model","model":"nova:gen_model/958"}},{"threshold":814.0,"model":{"type":"minecraft:model","model":"nova:gen_model/959"}},{"threshold":815.0,"model":{"type":"minecraft:model","model":"nova:gen_model/960"}},{"threshold":816.0,"model":{"type":"minecraft:model","model":"nova:gen_model/961"}},{"threshold":817.0,"model":{"type":"minecraft:model","model":"nova:gen_model/962"}},{"threshold":818.0,"model":{"type":"minecraft:model","model":"nova:gen_model/963"}},{"threshold":819.0,"model":{"type":"minecraft:model","model":"nova:gen_model/964"}},{"threshold":820.0,"model":{"type":"minecraft:model","model":"nova:gen_model/965"}},{"threshold":821.0,"model":{"type":"minecraft:model","model":"nova:gen_model/966"}},{"threshold":822.0,"model":{"type":"minecraft:model","model":"nova:gen_model/967"}},{"threshold":823.0,"model":{"type":"minecraft:model","model":"nova:gen_model/968"}},{"threshold":824.0,"model":{"type":"minecraft:model","model":"nova:gen_model/969"}},{"threshold":825.0,"model":{"type":"minecraft:model","model":"nova:gen_model/970"}},{"threshold":826.0,"model":{"type":"minecraft:model","model":"nova:gen_model/971"}},{"threshold":827.0,"model":{"type":"minecraft:model","model":"nova:gen_model/972"}},{"threshold":828.0,"model":{"type":"minecraft:model","model":"nova:gen_model/973"}},{"threshold":829.0,"model":{"type":"minecraft:model","model":"nova:gen_model/974"}},{"threshold":830.0,"model":{"type":"minecraft:model","model":"nova:gen_model/975"}},{"threshold":831.0,"model":{"type":"minecraft:model","model":"nova:gen_model/976"}},{"threshold":832.0,"model":{"type":"minecraft:model","model":"nova:gen_model/977"}},{"threshold":833.0,"model":{"type":"minecraft:model","model":"nova:gen_model/978"}},{"threshold":834.0,"model":{"type":"minecraft:model","model":"nova:gen_model/979"}},{"threshold":835.0,"model":{"type":"minecraft:model","model":"nova:gen_model/980"}},{"threshold":836.0,"model":{"type":"minecraft:model","model":"nova:gen_model/981"}},{"threshold":837.0,"model":{"type":"minecraft:model","model":"nova:gen_model/982"}},{"threshold":838.0,"model":{"type":"minecraft:model","model":"nova:gen_model/983"}},{"threshold":839.0,"model":{"type":"minecraft:model","model":"nova:gen_model/984"}},{"threshold":840.0,"model":{"type":"minecraft:model","model":"nova:gen_model/985"}},{"threshold":841.0,"model":{"type":"minecraft:model","model":"nova:gen_model/986"}},{"threshold":842.0,"model":{"type":"minecraft:model","model":"nova:gen_model/987"}},{"threshold":843.0,"model":{"type":"minecraft:model","model":"nova:gen_model/988"}},{"threshold":844.0,"model":{"type":"minecraft:model","model":"nova:gen_model/989"}},{"threshold":845.0,"model":{"type":"minecraft:model","model":"nova:gen_model/990"}},{"threshold":846.0,"model":{"type":"minecraft:model","model":"nova:gen_model/991"}},{"threshold":847.0,"model":{"type":"minecraft:model","model":"nova:gen_model/992"}},{"threshold":848.0,"model":{"type":"minecraft:model","model":"nova:gen_model/993"}},{"threshold":849.0,"model":{"type":"minecraft:model","model":"nova:gen_model/994"}},{"threshold":850.0,"model":{"type":"minecraft:model","model":"nova:gen_model/995"}},{"threshold":851.0,"model":{"type":"minecraft:model","model":"nova:gen_model/996"}},{"threshold":852.0,"model":{"type":"minecraft:model","model":"nova:gen_model/997"}},{"threshold":853.0,"model":{"type":"minecraft:model","model":"nova:gen_model/998"}},{"threshold":854.0,"model":{"type":"minecraft:model","model":"nova:gen_model/999"}},{"threshold":855.0,"model":{"type":"minecraft:model","model":"nova:gen_model/1000"}},{"threshold":856.0,"model":{"type":"minecraft:model","model":"nova:gen_model/1001"}},{"threshold":857.0,"model":{"type":"minecraft:model","model":"nova:gen_model/1002"}},{"threshold":858.0,"model":{"type":"minecraft:model","model":"nova:gen_model/1003"}},{"threshold":859.0,"model":{"type":"minecraft:model","model":"nova:gen_model/1004"}},{"threshold":860.0,"model":{"type":"minecraft:model","model":"nova:gen_model/1005"}},{"threshold":861.0,"model":{"type":"minecraft:model","model":"nova:gen_model/1006"}},{"threshold":862.0,"model":{"type":"minecraft:model","model":"nova:gen_model/1007"}},{"threshold":863.0,"model":{"type":"minecraft:model","model":"nova:gen_model/1008"}},{"threshold":864.0,"model":{"type":"minecraft:model","model":"nova:gen_model/1009"}},{"threshold":865.0,"model":{"type":"minecraft:model","model":"nova:gen_model/1010"}},{"threshold":866.0,"model":{"type":"minecraft:model","model":"nova:gen_model/1011"}},{"threshold":867.0,"model":{"type":"minecraft:model","model":"nova:gen_model/1012"}},{"threshold":868.0,"model":{"type":"minecraft:model","model":"nova:gen_model/1013"}},{"threshold":869.0,"model":{"type":"minecraft:model","model":"nova:gen_model/1014"}},{"threshold":870.0,"model":{"type":"minecraft:model","model":"nova:gen_model/1015"}},{"threshold":871.0,"model":{"type":"minecraft:model","model":"nova:gen_model/1016"}},{"threshold":872.0,"model":{"type":"minecraft:model","model":"nova:gen_model/1017"}},{"threshold":873.0,"model":{"type":"minecraft:model","model":"nova:gen_model/1018"}},{"threshold":874.0,"model":{"type":"minecraft:model","model":"nova:gen_model/1019"}},{"threshold":875.0,"model":{"type":"minecraft:model","model":"nova:gen_model/1020"}},{"threshold":876.0,"model":{"type":"minecraft:model","model":"nova:gen_model/1021"}},{"threshold":877.0,"model":{"type":"minecraft:model","model":"nova:gen_model/1022"}},{"threshold":878.0,"model":{"type":"minecraft:model","model":"nova:gen_model/1023"}},{"threshold":879.0,"model":{"type":"minecraft:model","model":"nova:gen_model/1024"}},{"threshold":880.0,"model":{"type":"minecraft:model","model":"nova:gen_model/1025"}},{"threshold":881.0,"model":{"type":"minecraft:model","model":"nova:gen_model/1026"}},{"threshold":882.0,"model":{"type":"minecraft:model","model":"nova:gen_model/1027"}},{"threshold":883.0,"model":{"type":"minecraft:model","model":"nova:gen_model/1028"}},{"threshold":884.0,"model":{"type":"minecraft:model","model":"nova:gen_model/1029"}},{"threshold":885.0,"model":{"type":"minecraft:model","model":"nova:gen_model/1030"}},{"threshold":886.0,"model":{"type":"minecraft:model","model":"nova:gen_model/1031"}},{"threshold":887.0,"model":{"type":"minecraft:model","model":"nova:gen_model/1032"}},{"threshold":888.0,"model":{"type":"minecraft:model","model":"nova:gen_model/1033"}},{"threshold":889.0,"model":{"type":"minecraft:model","model":"nova:gen_model/1034"}},{"threshold":890.0,"model":{"type":"minecraft:model","model":"nova:gen_model/1035"}},{"threshold":891.0,"model":{"type":"minecraft:model","model":"nova:gen_model/1036"}},{"threshold":892.0,"model":{"type":"minecraft:model","model":"nova:gen_model/1037"}},{"threshold":893.0,"model":{"type":"minecraft:model","model":"nova:gen_model/1038"}},{"threshold":894.0,"model":{"type":"minecraft:model","model":"nova:gen_model/1039"}},{"threshold":895.0,"model":{"type":"minecraft:model","model":"nova:gen_model/1040"}},{"threshold":896.0,"model":{"type":"minecraft:model","model":"nova:gen_model/1041"}},{"threshold":897.0,"model":{"type":"minecraft:model","model":"nova:gen_model/1042"}},{"threshold":898.0,"model":{"type":"minecraft:model","model":"nova:gen_model/1043"}},{"threshold":899.0,"model":{"type":"minecraft:model","model":"nova:gen_model/1044"}},{"threshold":900.0,"model":{"type":"minecraft:model","model":"nova:gen_model/1045"}},{"threshold":901.0,"model":{"type":"minecraft:model","model":"nova:gen_model/1046"}},{"threshold":902.0,"model":{"type":"minecraft:model","model":"nova:gen_model/1047"}},{"threshold":903.0,"model":{"type":"minecraft:model","model":"nova:gen_model/1048"}},{"threshold":904.0,"model":{"type":"minecraft:model","model":"nova:gen_model/1049"}},{"threshold":905.0,"model":{"type":"minecraft:model","model":"nova:gen_model/1050"}},{"threshold":906.0,"model":{"type":"minecraft:model","model":"nova:gen_model/1051"}},{"threshold":907.0,"model":{"type":"minecraft:model","model":"nova:gen_model/1052"}},{"threshold":908.0,"model":{"type":"minecraft:model","model":"nova:gen_model/1053"}},{"threshold":909.0,"model":{"type":"minecraft:model","model":"nova:gen_model/1054"}},{"threshold":910.0,"model":{"type":"minecraft:model","model":"nova:gen_model/1055"}},{"threshold":911.0,"model":{"type":"minecraft:model","model":"nova:gen_model/1056"}},{"threshold":912.0,"model":{"type":"minecraft:model","model":"nova:gen_model/1057"}},{"threshold":913.0,"model":{"type":"minecraft:model","model":"nova:gen_model/1058"}},{"threshold":914.0,"model":{"type":"minecraft:model","model":"nova:gen_model/1059"}},{"threshold":915.0,"model":{"type":"minecraft:model","model":"nova:gen_model/1060"}},{"threshold":916.0,"model":{"type":"minecraft:model","model":"nova:gen_model/1061"}},{"threshold":917.0,"model":{"type":"minecraft:model","model":"nova:gen_model/1062"}},{"threshold":918.0,"model":{"type":"minecraft:model","model":"nova:gen_model/1063"}},{"threshold":919.0,"model":{"type":"minecraft:model","model":"nova:gen_model/1064"}},{"threshold":920.0,"model":{"type":"minecraft:model","model":"nova:gen_model/1065"}},{"threshold":921.0,"model":{"type":"minecraft:model","model":"nova:gen_model/1066"}},{"threshold":922.0,"model":{"type":"minecraft:model","model":"nova:gen_model/1067"}},{"threshold":923.0,"model":{"type":"minecraft:model","model":"nova:gen_model/1068"}},{"threshold":924.0,"model":{"type":"minecraft:model","model":"nova:gen_model/1069"}},{"threshold":925.0,"model":{"type":"minecraft:model","model":"nova:gen_model/1070"}},{"threshold":926.0,"model":{"type":"minecraft:model","model":"nova:gen_model/1071"}},{"threshold":927.0,"model":{"type":"minecraft:model","model":"nova:gen_model/1072"}},{"threshold":928.0,"model":{"type":"minecraft:model","model":"nova:gen_model/1073"}},{"threshold":929.0,"model":{"type":"minecraft:model","model":"nova:gen_model/1074"}},{"threshold":930.0,"model":{"type":"minecraft:model","model":"nova:gen_model/1075"}},{"threshold":931.0,"model":{"type":"minecraft:model","model":"nova:gen_model/1076"}},{"threshold":932.0,"model":{"type":"minecraft:model","model":"nova:gen_model/1077"}},{"threshold":933.0,"model":{"type":"minecraft:model","model":"nova:gen_model/1078"}},{"threshold":934.0,"model":{"type":"minecraft:model","model":"nova:gen_model/1079"}},{"threshold":935.0,"model":{"type":"minecraft:model","model":"nova:gen_model/1080"}},{"threshold":936.0,"model":{"type":"minecraft:model","model":"nova:gen_model/1081"}},{"threshold":937.0,"model":{"type":"minecraft:model","model":"nova:gen_model/1082"}},{"threshold":938.0,"model":{"type":"minecraft:model","model":"nova:gen_model/1083"}},{"threshold":939.0,"model":{"type":"minecraft:model","model":"nova:gen_model/1084"}},{"threshold":940.0,"model":{"type":"minecraft:model","model":"nova:gen_model/1085"}},{"threshold":941.0,"model":{"type":"minecraft:model","model":"nova:gen_model/1086"}},{"threshold":942.0,"model":{"type":"minecraft:model","model":"nova:gen_model/1087"}},{"threshold":943.0,"model":{"type":"minecraft:model","model":"nova:gen_model/1088"}},{"threshold":944.0,"model":{"type":"minecraft:model","model":"nova:gen_model/1089"}},{"threshold":945.0,"model":{"type":"minecraft:model","model":"nova:gen_model/1090"}},{"threshold":946.0,"model":{"type":"minecraft:model","model":"nova:gen_model/1091"}},{"threshold":947.0,"model":{"type":"minecraft:model","model":"nova:gen_model/1092"}},{"threshold":948.0,"model":{"type":"minecraft:model","model":"nova:gen_model/1093"}},{"threshold":949.0,"model":{"type":"minecraft:model","model":"nova:gen_model/1094"}},{"threshold":950.0,"model":{"type":"minecraft:model","model":"nova:gen_model/1095"}},{"threshold":951.0,"model":{"type":"minecraft:model","model":"nova:gen_model/1096"}},{"threshold":952.0,"model":{"type":"minecraft:model","model":"nova:gen_model/1097"}},{"threshold":953.0,"model":{"type":"minecraft:model","model":"nova:gen_model/1098"}},{"threshold":954.0,"model":{"type":"minecraft:model","model":"nova:gen_model/1099"}},{"threshold":955.0,"model":{"type":"minecraft:model","model":"nova:gen_model/1100"}},{"threshold":956.0,"model":{"type":"minecraft:model","model":"nova:gen_model/1101"}},{"threshold":957.0,"model":{"type":"minecraft:model","model":"nova:gen_model/1102"}},{"threshold":958.0,"model":{"type":"minecraft:model","model":"nova:gen_model/1103"}},{"threshold":959.0,"model":{"type":"minecraft:model","model":"nova:gen_model/1104"}},{"threshold":960.0,"model":{"type":"minecraft:model","model":"nova:gen_model/1105"}},{"threshold":961.0,"model":{"type":"minecraft:model","model":"nova:gen_model/1106"}},{"threshold":962.0,"model":{"type":"minecraft:model","model":"nova:gen_model/1107"}},{"threshold":963.0,"model":{"type":"minecraft:model","model":"nova:gen_model/1108"}},{"threshold":964.0,"model":{"type":"minecraft:model","model":"nova:gen_model/1109"}},{"threshold":965.0,"model":{"type":"minecraft:model","model":"nova:gen_model/1110"}},{"threshold":966.0,"model":{"type":"minecraft:model","model":"nova:gen_model/1111"}},{"threshold":967.0,"model":{"type":"minecraft:model","model":"nova:gen_model/1112"}},{"threshold":968.0,"model":{"type":"minecraft:model","model":"nova:gen_model/1113"}},{"threshold":969.0,"model":{"type":"minecraft:model","model":"nova:gen_model/1114"}},{"threshold":970.0,"model":{"type":"minecraft:model","model":"nova:gen_model/1115"}},{"threshold":971.0,"model":{"type":"minecraft:model","model":"nova:gen_model/1116"}},{"threshold":972.0,"model":{"type":"minecraft:model","model":"nova:gen_model/1117"}},{"threshold":973.0,"model":{"type":"minecraft:model","model":"nova:gen_model/1118"}},{"threshold":974.0,"model":{"type":"minecraft:model","model":"nova:gen_model/1119"}},{"threshold":975.0,"model":{"type":"minecraft:model","model":"nova:gen_model/1120"}},{"threshold":976.0,"model":{"type":"minecraft:model","model":"nova:gen_model/1121"}},{"threshold":977.0,"model":{"type":"minecraft:model","model":"nova:gen_model/1122"}},{"threshold":978.0,"model":{"type":"minecraft:model","model":"nova:gen_model/1123"}},{"threshold":979.0,"model":{"type":"minecraft:model","model":"nova:gen_model/1124"}},{"threshold":980.0,"model":{"type":"minecraft:model","model":"nova:gen_model/1125"}},{"threshold":981.0,"model":{"type":"minecraft:model","model":"nova:gen_model/1126"}},{"threshold":982.0,"model":{"type":"minecraft:model","model":"nova:gen_model/1127"}},{"threshold":983.0,"model":{"type":"minecraft:model","model":"nova:gen_model/1128"}},{"threshold":984.0,"model":{"type":"minecraft:model","model":"nova:gen_model/1129"}},{"threshold":985.0,"model":{"type":"minecraft:model","model":"nova:gen_model/1130"}},{"threshold":986.0,"model":{"type":"minecraft:model","model":"nova:gen_model/1131"}},{"threshold":987.0,"model":{"type":"minecraft:model","model":"nova:gen_model/1132"}},{"threshold":988.0,"model":{"type":"minecraft:model","model":"nova:gen_model/1133"}},{"threshold":989.0,"model":{"type":"minecraft:model","model":"nova:gen_model/1134"}},{"threshold":990.0,"model":{"type":"minecraft:model","model":"nova:gen_model/1135"}},{"threshold":991.0,"model":{"type":"minecraft:model","model":"nova:gen_model/1136"}},{"threshold":992.0,"model":{"type":"minecraft:model","model":"nova:gen_model/1137"}},{"threshold":993.0,"model":{"type":"minecraft:model","model":"nova:gen_model/1138"}},{"threshold":994.0,"model":{"type":"minecraft:model","model":"nova:gen_model/1139"}},{"threshold":995.0,"model":{"type":"minecraft:model","model":"nova:gen_model/1140"}},{"threshold":996.0,"model":{"type":"minecraft:model","model":"nova:gen_model/1141"}},{"threshold":997.0,"model":{"type":"minecraft:model","model":"nova:gen_model/1142"}},{"threshold":998.0,"model":{"type":"minecraft:model","model":"nova:gen_model/1143"}},{"threshold":999.0,"model":{"type":"minecraft:model","model":"nova:gen_model/1144"}}]}}