{"model":{"type":"minecraft:range_dispatch","property":"minecraft:custom_model_data","entries":[{"threshold":0.0,"model":{"type":"minecraft:model","model":"nova:gen_model/123"}},{"threshold":0.05555555555555555,"model":{"type":"minecraft:model","model":"nova:gen_model/124"}},{"threshold":0.1111111111111111,"model":{"type":"minecraft:model","model":"nova:gen_model/125"}},{"threshold":0.16666666666666666,"model":{"type":"minecraft:model","model":"nova:gen_model/126"}},{"threshold":0.2222222222222222,"model":{"type":"minecraft:model","model":"nova:gen_model/127"}},{"threshold":0.2777777777777778,"model":{"type":"minecraft:model","model":"nova:gen_model/128"}},{"threshold":0.3333333333333333,"model":{"type":"minecraft:model","model":"nova:gen_model/129"}},{"threshold":0.3888888888888889,"model":{"type":"minecraft:model","model":"nova:gen_model/130"}},{"threshold":0.4444444444444444,"model":{"type":"minecraft:model","model":"nova:gen_model/131"}},{"threshold":0.5,"model":{"type":"minecraft:model","model":"nova:gen_model/132"}},{"threshold":0.5555555555555556,"model":{"type":"minecraft:model","model":"nova:gen_model/133"}},{"threshold":0.6111111111111112,"model":{"type":"minecraft:model","model":"nova:gen_model/134"}},{"threshold":0.6666666666666666,"model":{"type":"minecraft:model","model":"nova:gen_model/135"}},{"threshold":0.7222222222222222,"model":{"type":"minecraft:model","model":"nova:gen_model/136"}},{"threshold":0.7777777777777778,"model":{"type":"minecraft:model","model":"nova:gen_model/137"}},{"threshold":0.8333333333333334,"model":{"type":"minecraft:model","model":"nova:gen_model/138"}},{"threshold":0.8888888888888888,"model":{"type":"minecraft:model","model":"nova:gen_model/139"}},{"threshold":0.9444444444444444,"model":{"type":"minecraft:model","model":"nova:gen_model/140"}},{"threshold":1.0,"model":{"type":"minecraft:model","model":"nova:gen_model/141"}}]}}