{"model":{"type":"minecraft:range_dispatch","property":"minecraft:custom_model_data","entries":[{"threshold":0.0,"model":{"type":"minecraft:model","model":"nova:gen_model/104"}},{"threshold":0.05555555555555555,"model":{"type":"minecraft:model","model":"nova:gen_model/105"}},{"threshold":0.1111111111111111,"model":{"type":"minecraft:model","model":"nova:gen_model/106"}},{"threshold":0.16666666666666666,"model":{"type":"minecraft:model","model":"nova:gen_model/107"}},{"threshold":0.2222222222222222,"model":{"type":"minecraft:model","model":"nova:gen_model/108"}},{"threshold":0.2777777777777778,"model":{"type":"minecraft:model","model":"nova:gen_model/109"}},{"threshold":0.3333333333333333,"model":{"type":"minecraft:model","model":"nova:gen_model/110"}},{"threshold":0.3888888888888889,"model":{"type":"minecraft:model","model":"nova:gen_model/111"}},{"threshold":0.4444444444444444,"model":{"type":"minecraft:model","model":"nova:gen_model/112"}},{"threshold":0.5,"model":{"type":"minecraft:model","model":"nova:gen_model/113"}},{"threshold":0.5555555555555556,"model":{"type":"minecraft:model","model":"nova:gen_model/114"}},{"threshold":0.6111111111111112,"model":{"type":"minecraft:model","model":"nova:gen_model/115"}},{"threshold":0.6666666666666666,"model":{"type":"minecraft:model","model":"nova:gen_model/116"}},{"threshold":0.7222222222222222,"model":{"type":"minecraft:model","model":"nova:gen_model/117"}},{"threshold":0.7777777777777778,"model":{"type":"minecraft:model","model":"nova:gen_model/118"}},{"threshold":0.8333333333333334,"model":{"type":"minecraft:model","model":"nova:gen_model/119"}},{"threshold":0.8888888888888888,"model":{"type":"minecraft:model","model":"nova:gen_model/120"}},{"threshold":0.9444444444444444,"model":{"type":"minecraft:model","model":"nova:gen_model/121"}},{"threshold":1.0,"model":{"type":"minecraft:model","model":"nova:gen_model/122"}}]}}