{"providers":[{"type":"bitmap","file":"nova:gui/empty.png","height":135,"ascent":3,"chars":[""]},{"type":"bitmap","file":"nova:gui/search.png","height":70,"ascent":3,"chars":[""]},{"type":"bitmap","file":"nova:gui/items/0.png","height":135,"ascent":3,"chars":[""]},{"type":"bitmap","file":"nova:gui/items/1.png","height":135,"ascent":3,"chars":[""]},{"type":"bitmap","file":"nova:gui/items/2.png","height":135,"ascent":3,"chars":[""]},{"type":"bitmap","file":"nova:gui/items/3.png","height":135,"ascent":3,"chars":[""]},{"type":"bitmap","file":"nova:gui/items/4.png","height":135,"ascent":3,"chars":[""]},{"type":"bitmap","file":"nova:gui/recipe/crafting.png","height":135,"ascent":3,"chars":[""]},{"type":"bitmap","file":"nova:gui/recipe/furnace.png","height":135,"ascent":3,"chars":[""]},{"type":"bitmap","file":"nova:gui/recipe/smithing.png","height":135,"ascent":3,"chars":[""]},{"type":"bitmap","file":"nova:gui/recipe/conversion.png","height":135,"ascent":3,"chars":[""]},{"type":"bitmap","file":"nova:gui/color_picker.png","height":75,"ascent":3,"chars":[""]}]}