{"model":{"type":"minecraft:range_dispatch","property":"minecraft:custom_model_data","entries":[{"threshold":0.0,"model":{"type":"minecraft:model","model":"nova:block/break_stage/0"}},{"threshold":1.0,"model":{"type":"minecraft:model","model":"nova:block/break_stage/1"}},{"threshold":2.0,"model":{"type":"minecraft:model","model":"nova:block/break_stage/2"}},{"threshold":3.0,"model":{"type":"minecraft:model","model":"nova:block/break_stage/3"}},{"threshold":4.0,"model":{"type":"minecraft:model","model":"nova:block/break_stage/4"}},{"threshold":5.0,"model":{"type":"minecraft:model","model":"nova:block/break_stage/5"}},{"threshold":6.0,"model":{"type":"minecraft:model","model":"nova:block/break_stage/6"}},{"threshold":7.0,"model":{"type":"minecraft:model","model":"nova:block/break_stage/7"}},{"threshold":8.0,"model":{"type":"minecraft:model","model":"nova:block/break_stage/8"}},{"threshold":9.0,"model":{"type":"minecraft:model","model":"nova:block/break_stage/9"}}]}}