{"model":{"type":"minecraft:range_dispatch","property":"minecraft:custom_model_data","entries":[{"threshold":0.0,"model":{"type":"minecraft:model","model":"nova:gen_model/1612"}},{"threshold":1.0,"model":{"type":"minecraft:model","model":"nova:gen_model/1613"}},{"threshold":2.0,"model":{"type":"minecraft:model","model":"nova:gen_model/1614"}},{"threshold":3.0,"model":{"type":"minecraft:model","model":"nova:gen_model/1615"}},{"threshold":4.0,"model":{"type":"minecraft:model","model":"nova:gen_model/1616"}},{"threshold":5.0,"model":{"type":"minecraft:model","model":"nova:gen_model/1617"}},{"threshold":6.0,"model":{"type":"minecraft:model","model":"nova:gen_model/1618"}},{"threshold":7.0,"model":{"type":"minecraft:model","model":"nova:gen_model/1619"}},{"threshold":8.0,"model":{"type":"minecraft:model","model":"nova:gen_model/1620"}},{"threshold":9.0,"model":{"type":"minecraft:model","model":"nova:gen_model/1621"}},{"threshold":10.0,"model":{"type":"minecraft:model","model":"nova:gen_model/1622"}},{"threshold":11.0,"model":{"type":"minecraft:model","model":"nova:gen_model/1623"}},{"threshold":12.0,"model":{"type":"minecraft:model","model":"nova:gen_model/1624"}},{"threshold":13.0,"model":{"type":"minecraft:model","model":"nova:gen_model/1625"}},{"threshold":14.0,"model":{"type":"minecraft:model","model":"nova:gen_model/1626"}},{"threshold":15.0,"model":{"type":"minecraft:model","model":"nova:gen_model/1627"}},{"threshold":16.0,"model":{"type":"minecraft:model","model":"nova:gen_model/1628"}},{"threshold":17.0,"model":{"type":"minecraft:model","model":"nova:gen_model/1629"}},{"threshold":18.0,"model":{"type":"minecraft:model","model":"nova:gen_model/1630"}},{"threshold":19.0,"model":{"type":"minecraft:model","model":"nova:gen_model/1631"}},{"threshold":20.0,"model":{"type":"minecraft:model","model":"nova:gen_model/1632"}},{"threshold":21.0,"model":{"type":"minecraft:model","model":"nova:gen_model/1633"}},{"threshold":22.0,"model":{"type":"minecraft:model","model":"nova:gen_model/1634"}},{"threshold":23.0,"model":{"type":"minecraft:model","model":"nova:gen_model/1635"}},{"threshold":24.0,"model":{"type":"minecraft:model","model":"nova:gen_model/1636"}},{"threshold":25.0,"model":{"type":"minecraft:model","model":"nova:gen_model/1637"}},{"threshold":26.0,"model":{"type":"minecraft:model","model":"nova:gen_model/1638"}},{"threshold":27.0,"model":{"type":"minecraft:model","model":"nova:gen_model/1639"}},{"threshold":28.0,"model":{"type":"minecraft:model","model":"nova:gen_model/1640"}},{"threshold":29.0,"model":{"type":"minecraft:model","model":"nova:gen_model/1641"}},{"threshold":30.0,"model":{"type":"minecraft:model","model":"nova:gen_model/1642"}},{"threshold":31.0,"model":{"type":"minecraft:model","model":"nova:gen_model/1643"}},{"threshold":32.0,"model":{"type":"minecraft:model","model":"nova:gen_model/1644"}},{"threshold":33.0,"model":{"type":"minecraft:model","model":"nova:gen_model/1645"}},{"threshold":34.0,"model":{"type":"minecraft:model","model":"nova:gen_model/1646"}},{"threshold":35.0,"model":{"type":"minecraft:model","model":"nova:gen_model/1647"}},{"threshold":36.0,"model":{"type":"minecraft:model","model":"nova:gen_model/1648"}},{"threshold":37.0,"model":{"type":"minecraft:model","model":"nova:gen_model/1649"}},{"threshold":38.0,"model":{"type":"minecraft:model","model":"nova:gen_model/1650"}},{"threshold":39.0,"model":{"type":"minecraft:model","model":"nova:gen_model/1651"}},{"threshold":40.0,"model":{"type":"minecraft:model","model":"nova:gen_model/1652"}},{"threshold":41.0,"model":{"type":"minecraft:model","model":"nova:gen_model/1653"}},{"threshold":42.0,"model":{"type":"minecraft:model","model":"nova:gen_model/1654"}},{"threshold":43.0,"model":{"type":"minecraft:model","model":"nova:gen_model/1655"}},{"threshold":44.0,"model":{"type":"minecraft:model","model":"nova:gen_model/1656"}},{"threshold":45.0,"model":{"type":"minecraft:model","model":"nova:gen_model/1657"}},{"threshold":46.0,"model":{"type":"minecraft:model","model":"nova:gen_model/1658"}},{"threshold":47.0,"model":{"type":"minecraft:model","model":"nova:gen_model/1659"}},{"threshold":48.0,"model":{"type":"minecraft:model","model":"nova:gen_model/1660"}},{"threshold":49.0,"model":{"type":"minecraft:model","model":"nova:gen_model/1661"}},{"threshold":50.0,"model":{"type":"minecraft:model","model":"nova:gen_model/1662"}},{"threshold":51.0,"model":{"type":"minecraft:model","model":"nova:gen_model/1663"}},{"threshold":52.0,"model":{"type":"minecraft:model","model":"nova:gen_model/1664"}},{"threshold":53.0,"model":{"type":"minecraft:model","model":"nova:gen_model/1665"}},{"threshold":54.0,"model":{"type":"minecraft:model","model":"nova:gen_model/1666"}},{"threshold":55.0,"model":{"type":"minecraft:model","model":"nova:gen_model/1667"}},{"threshold":56.0,"model":{"type":"minecraft:model","model":"nova:gen_model/1668"}},{"threshold":57.0,"model":{"type":"minecraft:model","model":"nova:gen_model/1669"}},{"threshold":58.0,"model":{"type":"minecraft:model","model":"nova:gen_model/1670"}},{"threshold":59.0,"model":{"type":"minecraft:model","model":"nova:gen_model/1671"}},{"threshold":60.0,"model":{"type":"minecraft:model","model":"nova:gen_model/1672"}},{"threshold":61.0,"model":{"type":"minecraft:model","model":"nova:gen_model/1673"}},{"threshold":62.0,"model":{"type":"minecraft:model","model":"nova:gen_model/1674"}},{"threshold":63.0,"model":{"type":"minecraft:model","model":"nova:gen_model/1675"}},{"threshold":64.0,"model":{"type":"minecraft:model","model":"nova:gen_model/1676"}},{"threshold":65.0,"model":{"type":"minecraft:model","model":"nova:gen_model/1677"}},{"threshold":66.0,"model":{"type":"minecraft:model","model":"nova:gen_model/1678"}},{"threshold":67.0,"model":{"type":"minecraft:model","model":"nova:gen_model/1679"}},{"threshold":68.0,"model":{"type":"minecraft:model","model":"nova:gen_model/1680"}},{"threshold":69.0,"model":{"type":"minecraft:model","model":"nova:gen_model/1681"}},{"threshold":70.0,"model":{"type":"minecraft:model","model":"nova:gen_model/1682"}},{"threshold":71.0,"model":{"type":"minecraft:model","model":"nova:gen_model/1683"}},{"threshold":72.0,"model":{"type":"minecraft:model","model":"nova:gen_model/1684"}},{"threshold":73.0,"model":{"type":"minecraft:model","model":"nova:gen_model/1685"}},{"threshold":74.0,"model":{"type":"minecraft:model","model":"nova:gen_model/1686"}},{"threshold":75.0,"model":{"type":"minecraft:model","model":"nova:gen_model/1687"}},{"threshold":76.0,"model":{"type":"minecraft:model","model":"nova:gen_model/1688"}},{"threshold":77.0,"model":{"type":"minecraft:model","model":"nova:gen_model/1689"}},{"threshold":78.0,"model":{"type":"minecraft:model","model":"nova:gen_model/1690"}},{"threshold":79.0,"model":{"type":"minecraft:model","model":"nova:gen_model/1691"}},{"threshold":80.0,"model":{"type":"minecraft:model","model":"nova:gen_model/1692"}},{"threshold":81.0,"model":{"type":"minecraft:model","model":"nova:gen_model/1693"}},{"threshold":82.0,"model":{"type":"minecraft:model","model":"nova:gen_model/1694"}},{"threshold":83.0,"model":{"type":"minecraft:model","model":"nova:gen_model/1695"}},{"threshold":84.0,"model":{"type":"minecraft:model","model":"nova:gen_model/1696"}},{"threshold":85.0,"model":{"type":"minecraft:model","model":"nova:gen_model/1697"}},{"threshold":86.0,"model":{"type":"minecraft:model","model":"nova:gen_model/1698"}},{"threshold":87.0,"model":{"type":"minecraft:model","model":"nova:gen_model/1699"}},{"threshold":88.0,"model":{"type":"minecraft:model","model":"nova:gen_model/1700"}},{"threshold":89.0,"model":{"type":"minecraft:model","model":"nova:gen_model/1701"}},{"threshold":90.0,"model":{"type":"minecraft:model","model":"nova:gen_model/1702"}},{"threshold":91.0,"model":{"type":"minecraft:model","model":"nova:gen_model/1703"}},{"threshold":92.0,"model":{"type":"minecraft:model","model":"nova:gen_model/1704"}},{"threshold":93.0,"model":{"type":"minecraft:model","model":"nova:gen_model/1705"}},{"threshold":94.0,"model":{"type":"minecraft:model","model":"nova:gen_model/1706"}},{"threshold":95.0,"model":{"type":"minecraft:model","model":"nova:gen_model/1707"}},{"threshold":96.0,"model":{"type":"minecraft:model","model":"nova:gen_model/1708"}},{"threshold":97.0,"model":{"type":"minecraft:model","model":"nova:gen_model/1709"}},{"threshold":98.0,"model":{"type":"minecraft:model","model":"nova:gen_model/1710"}},{"threshold":99.0,"model":{"type":"minecraft:model","model":"nova:gen_model/1711"}},{"threshold":100.0,"model":{"type":"minecraft:model","model":"nova:gen_model/1712"}},{"threshold":101.0,"model":{"type":"minecraft:model","model":"nova:gen_model/1713"}},{"threshold":102.0,"model":{"type":"minecraft:model","model":"nova:gen_model/1714"}},{"threshold":103.0,"model":{"type":"minecraft:model","model":"nova:gen_model/1715"}},{"threshold":104.0,"model":{"type":"minecraft:model","model":"nova:gen_model/1716"}},{"threshold":105.0,"model":{"type":"minecraft:model","model":"nova:gen_model/1717"}},{"threshold":106.0,"model":{"type":"minecraft:model","model":"nova:gen_model/1718"}},{"threshold":107.0,"model":{"type":"minecraft:model","model":"nova:gen_model/1719"}},{"threshold":108.0,"model":{"type":"minecraft:model","model":"nova:gen_model/1720"}},{"threshold":109.0,"model":{"type":"minecraft:model","model":"nova:gen_model/1721"}},{"threshold":110.0,"model":{"type":"minecraft:model","model":"nova:gen_model/1722"}},{"threshold":111.0,"model":{"type":"minecraft:model","model":"nova:gen_model/1723"}},{"threshold":112.0,"model":{"type":"minecraft:model","model":"nova:gen_model/1724"}},{"threshold":113.0,"model":{"type":"minecraft:model","model":"nova:gen_model/1725"}},{"threshold":114.0,"model":{"type":"minecraft:model","model":"nova:gen_model/1726"}},{"threshold":115.0,"model":{"type":"minecraft:model","model":"nova:gen_model/1727"}},{"threshold":116.0,"model":{"type":"minecraft:model","model":"nova:gen_model/1728"}},{"threshold":117.0,"model":{"type":"minecraft:model","model":"nova:gen_model/1729"}},{"threshold":118.0,"model":{"type":"minecraft:model","model":"nova:gen_model/1730"}},{"threshold":119.0,"model":{"type":"minecraft:model","model":"nova:gen_model/1731"}},{"threshold":120.0,"model":{"type":"minecraft:model","model":"nova:gen_model/1732"}},{"threshold":121.0,"model":{"type":"minecraft:model","model":"nova:gen_model/1733"}},{"threshold":122.0,"model":{"type":"minecraft:model","model":"nova:gen_model/1734"}},{"threshold":123.0,"model":{"type":"minecraft:model","model":"nova:gen_model/1735"}},{"threshold":124.0,"model":{"type":"minecraft:model","model":"nova:gen_model/1736"}},{"threshold":125.0,"model":{"type":"minecraft:model","model":"nova:gen_model/1737"}},{"threshold":126.0,"model":{"type":"minecraft:model","model":"nova:gen_model/1738"}},{"threshold":127.0,"model":{"type":"minecraft:model","model":"nova:gen_model/1739"}},{"threshold":128.0,"model":{"type":"minecraft:model","model":"nova:gen_model/1740"}},{"threshold":129.0,"model":{"type":"minecraft:model","model":"nova:gen_model/1741"}},{"threshold":130.0,"model":{"type":"minecraft:model","model":"nova:gen_model/1742"}},{"threshold":131.0,"model":{"type":"minecraft:model","model":"nova:gen_model/1743"}},{"threshold":132.0,"model":{"type":"minecraft:model","model":"nova:gen_model/1744"}},{"threshold":133.0,"model":{"type":"minecraft:model","model":"nova:gen_model/1745"}},{"threshold":134.0,"model":{"type":"minecraft:model","model":"nova:gen_model/1746"}},{"threshold":135.0,"model":{"type":"minecraft:model","model":"nova:gen_model/1747"}},{"threshold":136.0,"model":{"type":"minecraft:model","model":"nova:gen_model/1748"}},{"threshold":137.0,"model":{"type":"minecraft:model","model":"nova:gen_model/1749"}},{"threshold":138.0,"model":{"type":"minecraft:model","model":"nova:gen_model/1750"}},{"threshold":139.0,"model":{"type":"minecraft:model","model":"nova:gen_model/1751"}},{"threshold":140.0,"model":{"type":"minecraft:model","model":"nova:gen_model/1752"}},{"threshold":141.0,"model":{"type":"minecraft:model","model":"nova:gen_model/1753"}},{"threshold":142.0,"model":{"type":"minecraft:model","model":"nova:gen_model/1754"}},{"threshold":143.0,"model":{"type":"minecraft:model","model":"nova:gen_model/1755"}},{"threshold":144.0,"model":{"type":"minecraft:model","model":"nova:gen_model/1756"}},{"threshold":145.0,"model":{"type":"minecraft:model","model":"nova:gen_model/1757"}},{"threshold":146.0,"model":{"type":"minecraft:model","model":"nova:gen_model/1758"}},{"threshold":147.0,"model":{"type":"minecraft:model","model":"nova:gen_model/1759"}},{"threshold":148.0,"model":{"type":"minecraft:model","model":"nova:gen_model/1760"}},{"threshold":149.0,"model":{"type":"minecraft:model","model":"nova:gen_model/1761"}},{"threshold":150.0,"model":{"type":"minecraft:model","model":"nova:gen_model/1762"}},{"threshold":151.0,"model":{"type":"minecraft:model","model":"nova:gen_model/1763"}},{"threshold":152.0,"model":{"type":"minecraft:model","model":"nova:gen_model/1764"}},{"threshold":153.0,"model":{"type":"minecraft:model","model":"nova:gen_model/1765"}},{"threshold":154.0,"model":{"type":"minecraft:model","model":"nova:gen_model/1766"}},{"threshold":155.0,"model":{"type":"minecraft:model","model":"nova:gen_model/1767"}},{"threshold":156.0,"model":{"type":"minecraft:model","model":"nova:gen_model/1768"}},{"threshold":157.0,"model":{"type":"minecraft:model","model":"nova:gen_model/1769"}},{"threshold":158.0,"model":{"type":"minecraft:model","model":"nova:gen_model/1770"}},{"threshold":159.0,"model":{"type":"minecraft:model","model":"nova:gen_model/1771"}},{"threshold":160.0,"model":{"type":"minecraft:model","model":"nova:gen_model/1772"}},{"threshold":161.0,"model":{"type":"minecraft:model","model":"nova:gen_model/1773"}},{"threshold":162.0,"model":{"type":"minecraft:model","model":"nova:gen_model/1774"}},{"threshold":163.0,"model":{"type":"minecraft:model","model":"nova:gen_model/1775"}},{"threshold":164.0,"model":{"type":"minecraft:model","model":"nova:gen_model/1776"}},{"threshold":165.0,"model":{"type":"minecraft:model","model":"nova:gen_model/1777"}},{"threshold":166.0,"model":{"type":"minecraft:model","model":"nova:gen_model/1778"}},{"threshold":167.0,"model":{"type":"minecraft:model","model":"nova:gen_model/1779"}},{"threshold":168.0,"model":{"type":"minecraft:model","model":"nova:gen_model/1780"}},{"threshold":169.0,"model":{"type":"minecraft:model","model":"nova:gen_model/1781"}},{"threshold":170.0,"model":{"type":"minecraft:model","model":"nova:gen_model/1782"}},{"threshold":171.0,"model":{"type":"minecraft:model","model":"nova:gen_model/1783"}},{"threshold":172.0,"model":{"type":"minecraft:model","model":"nova:gen_model/1784"}},{"threshold":173.0,"model":{"type":"minecraft:model","model":"nova:gen_model/1785"}},{"threshold":174.0,"model":{"type":"minecraft:model","model":"nova:gen_model/1786"}},{"threshold":175.0,"model":{"type":"minecraft:model","model":"nova:gen_model/1787"}},{"threshold":176.0,"model":{"type":"minecraft:model","model":"nova:gen_model/1788"}},{"threshold":177.0,"model":{"type":"minecraft:model","model":"nova:gen_model/1789"}},{"threshold":178.0,"model":{"type":"minecraft:model","model":"nova:gen_model/1790"}},{"threshold":179.0,"model":{"type":"minecraft:model","model":"nova:gen_model/1791"}},{"threshold":180.0,"model":{"type":"minecraft:model","model":"nova:gen_model/1792"}},{"threshold":181.0,"model":{"type":"minecraft:model","model":"nova:gen_model/1793"}},{"threshold":182.0,"model":{"type":"minecraft:model","model":"nova:gen_model/1794"}},{"threshold":183.0,"model":{"type":"minecraft:model","model":"nova:gen_model/1795"}},{"threshold":184.0,"model":{"type":"minecraft:model","model":"nova:gen_model/1796"}},{"threshold":185.0,"model":{"type":"minecraft:model","model":"nova:gen_model/1797"}},{"threshold":186.0,"model":{"type":"minecraft:model","model":"nova:gen_model/1798"}},{"threshold":187.0,"model":{"type":"minecraft:model","model":"nova:gen_model/1799"}},{"threshold":188.0,"model":{"type":"minecraft:model","model":"nova:gen_model/1800"}},{"threshold":189.0,"model":{"type":"minecraft:model","model":"nova:gen_model/1801"}},{"threshold":190.0,"model":{"type":"minecraft:model","model":"nova:gen_model/1802"}},{"threshold":191.0,"model":{"type":"minecraft:model","model":"nova:gen_model/1803"}},{"threshold":192.0,"model":{"type":"minecraft:model","model":"nova:gen_model/1804"}},{"threshold":193.0,"model":{"type":"minecraft:model","model":"nova:gen_model/1805"}},{"threshold":194.0,"model":{"type":"minecraft:model","model":"nova:gen_model/1806"}},{"threshold":195.0,"model":{"type":"minecraft:model","model":"nova:gen_model/1807"}},{"threshold":196.0,"model":{"type":"minecraft:model","model":"nova:gen_model/1808"}},{"threshold":197.0,"model":{"type":"minecraft:model","model":"nova:gen_model/1809"}},{"threshold":198.0,"model":{"type":"minecraft:model","model":"nova:gen_model/1810"}},{"threshold":199.0,"model":{"type":"minecraft:model","model":"nova:gen_model/1811"}},{"threshold":200.0,"model":{"type":"minecraft:model","model":"nova:gen_model/1812"}},{"threshold":201.0,"model":{"type":"minecraft:model","model":"nova:gen_model/1813"}},{"threshold":202.0,"model":{"type":"minecraft:model","model":"nova:gen_model/1814"}},{"threshold":203.0,"model":{"type":"minecraft:model","model":"nova:gen_model/1815"}},{"threshold":204.0,"model":{"type":"minecraft:model","model":"nova:gen_model/1816"}},{"threshold":205.0,"model":{"type":"minecraft:model","model":"nova:gen_model/1817"}},{"threshold":206.0,"model":{"type":"minecraft:model","model":"nova:gen_model/1818"}},{"threshold":207.0,"model":{"type":"minecraft:model","model":"nova:gen_model/1819"}},{"threshold":208.0,"model":{"type":"minecraft:model","model":"nova:gen_model/1820"}},{"threshold":209.0,"model":{"type":"minecraft:model","model":"nova:gen_model/1821"}},{"threshold":210.0,"model":{"type":"minecraft:model","model":"nova:gen_model/1822"}},{"threshold":211.0,"model":{"type":"minecraft:model","model":"nova:gen_model/1823"}},{"threshold":212.0,"model":{"type":"minecraft:model","model":"nova:gen_model/1824"}},{"threshold":213.0,"model":{"type":"minecraft:model","model":"nova:gen_model/1825"}},{"threshold":214.0,"model":{"type":"minecraft:model","model":"nova:gen_model/1826"}},{"threshold":215.0,"model":{"type":"minecraft:model","model":"nova:gen_model/1827"}},{"threshold":216.0,"model":{"type":"minecraft:model","model":"nova:gen_model/1828"}},{"threshold":217.0,"model":{"type":"minecraft:model","model":"nova:gen_model/1829"}},{"threshold":218.0,"model":{"type":"minecraft:model","model":"nova:gen_model/1830"}},{"threshold":219.0,"model":{"type":"minecraft:model","model":"nova:gen_model/1831"}},{"threshold":220.0,"model":{"type":"minecraft:model","model":"nova:gen_model/1832"}},{"threshold":221.0,"model":{"type":"minecraft:model","model":"nova:gen_model/1833"}},{"threshold":222.0,"model":{"type":"minecraft:model","model":"nova:gen_model/1834"}},{"threshold":223.0,"model":{"type":"minecraft:model","model":"nova:gen_model/1835"}},{"threshold":224.0,"model":{"type":"minecraft:model","model":"nova:gen_model/1836"}},{"threshold":225.0,"model":{"type":"minecraft:model","model":"nova:gen_model/1837"}},{"threshold":226.0,"model":{"type":"minecraft:model","model":"nova:gen_model/1838"}},{"threshold":227.0,"model":{"type":"minecraft:model","model":"nova:gen_model/1839"}},{"threshold":228.0,"model":{"type":"minecraft:model","model":"nova:gen_model/1840"}},{"threshold":229.0,"model":{"type":"minecraft:model","model":"nova:gen_model/1841"}},{"threshold":230.0,"model":{"type":"minecraft:model","model":"nova:gen_model/1842"}},{"threshold":231.0,"model":{"type":"minecraft:model","model":"nova:gen_model/1843"}},{"threshold":232.0,"model":{"type":"minecraft:model","model":"nova:gen_model/1844"}},{"threshold":233.0,"model":{"type":"minecraft:model","model":"nova:gen_model/1845"}},{"threshold":234.0,"model":{"type":"minecraft:model","model":"nova:gen_model/1846"}},{"threshold":235.0,"model":{"type":"minecraft:model","model":"nova:gen_model/1847"}},{"threshold":236.0,"model":{"type":"minecraft:model","model":"nova:gen_model/1848"}},{"threshold":237.0,"model":{"type":"minecraft:model","model":"nova:gen_model/1849"}},{"threshold":238.0,"model":{"type":"minecraft:model","model":"nova:gen_model/1850"}},{"threshold":239.0,"model":{"type":"minecraft:model","model":"nova:gen_model/1851"}},{"threshold":240.0,"model":{"type":"minecraft:model","model":"nova:gen_model/1852"}},{"threshold":241.0,"model":{"type":"minecraft:model","model":"nova:gen_model/1853"}},{"threshold":242.0,"model":{"type":"minecraft:model","model":"nova:gen_model/1854"}},{"threshold":243.0,"model":{"type":"minecraft:model","model":"nova:gen_model/1855"}},{"threshold":244.0,"model":{"type":"minecraft:model","model":"nova:gen_model/1856"}},{"threshold":245.0,"model":{"type":"minecraft:model","model":"nova:gen_model/1857"}},{"threshold":246.0,"model":{"type":"minecraft:model","model":"nova:gen_model/1858"}},{"threshold":247.0,"model":{"type":"minecraft:model","model":"nova:gen_model/1859"}},{"threshold":248.0,"model":{"type":"minecraft:model","model":"nova:gen_model/1860"}},{"threshold":249.0,"model":{"type":"minecraft:model","model":"nova:gen_model/1861"}},{"threshold":250.0,"model":{"type":"minecraft:model","model":"nova:gen_model/1862"}},{"threshold":251.0,"model":{"type":"minecraft:model","model":"nova:gen_model/1863"}},{"threshold":252.0,"model":{"type":"minecraft:model","model":"nova:gen_model/1864"}},{"threshold":253.0,"model":{"type":"minecraft:model","model":"nova:gen_model/1865"}},{"threshold":254.0,"model":{"type":"minecraft:model","model":"nova:gen_model/1866"}},{"threshold":255.0,"model":{"type":"minecraft:model","model":"nova:gen_model/1867"}},{"threshold":256.0,"model":{"type":"minecraft:model","model":"nova:gen_model/1868"}},{"threshold":257.0,"model":{"type":"minecraft:model","model":"nova:gen_model/1869"}},{"threshold":258.0,"model":{"type":"minecraft:model","model":"nova:gen_model/1870"}},{"threshold":259.0,"model":{"type":"minecraft:model","model":"nova:gen_model/1871"}},{"threshold":260.0,"model":{"type":"minecraft:model","model":"nova:gen_model/1872"}},{"threshold":261.0,"model":{"type":"minecraft:model","model":"nova:gen_model/1873"}},{"threshold":262.0,"model":{"type":"minecraft:model","model":"nova:gen_model/1874"}},{"threshold":263.0,"model":{"type":"minecraft:model","model":"nova:gen_model/1875"}},{"threshold":264.0,"model":{"type":"minecraft:model","model":"nova:gen_model/1876"}},{"threshold":265.0,"model":{"type":"minecraft:model","model":"nova:gen_model/1877"}},{"threshold":266.0,"model":{"type":"minecraft:model","model":"nova:gen_model/1878"}},{"threshold":267.0,"model":{"type":"minecraft:model","model":"nova:gen_model/1879"}},{"threshold":268.0,"model":{"type":"minecraft:model","model":"nova:gen_model/1880"}},{"threshold":269.0,"model":{"type":"minecraft:model","model":"nova:gen_model/1881"}},{"threshold":270.0,"model":{"type":"minecraft:model","model":"nova:gen_model/1882"}},{"threshold":271.0,"model":{"type":"minecraft:model","model":"nova:gen_model/1883"}},{"threshold":272.0,"model":{"type":"minecraft:model","model":"nova:gen_model/1884"}},{"threshold":273.0,"model":{"type":"minecraft:model","model":"nova:gen_model/1885"}},{"threshold":274.0,"model":{"type":"minecraft:model","model":"nova:gen_model/1886"}},{"threshold":275.0,"model":{"type":"minecraft:model","model":"nova:gen_model/1887"}},{"threshold":276.0,"model":{"type":"minecraft:model","model":"nova:gen_model/1888"}},{"threshold":277.0,"model":{"type":"minecraft:model","model":"nova:gen_model/1889"}},{"threshold":278.0,"model":{"type":"minecraft:model","model":"nova:gen_model/1890"}},{"threshold":279.0,"model":{"type":"minecraft:model","model":"nova:gen_model/1891"}},{"threshold":280.0,"model":{"type":"minecraft:model","model":"nova:gen_model/1892"}},{"threshold":281.0,"model":{"type":"minecraft:model","model":"nova:gen_model/1893"}},{"threshold":282.0,"model":{"type":"minecraft:model","model":"nova:gen_model/1894"}},{"threshold":283.0,"model":{"type":"minecraft:model","model":"nova:gen_model/1895"}},{"threshold":284.0,"model":{"type":"minecraft:model","model":"nova:gen_model/1896"}},{"threshold":285.0,"model":{"type":"minecraft:model","model":"nova:gen_model/1897"}},{"threshold":286.0,"model":{"type":"minecraft:model","model":"nova:gen_model/1898"}},{"threshold":287.0,"model":{"type":"minecraft:model","model":"nova:gen_model/1899"}},{"threshold":288.0,"model":{"type":"minecraft:model","model":"nova:gen_model/1900"}},{"threshold":289.0,"model":{"type":"minecraft:model","model":"nova:gen_model/1901"}},{"threshold":290.0,"model":{"type":"minecraft:model","model":"nova:gen_model/1902"}},{"threshold":291.0,"model":{"type":"minecraft:model","model":"nova:gen_model/1903"}},{"threshold":292.0,"model":{"type":"minecraft:model","model":"nova:gen_model/1904"}},{"threshold":293.0,"model":{"type":"minecraft:model","model":"nova:gen_model/1905"}},{"threshold":294.0,"model":{"type":"minecraft:model","model":"nova:gen_model/1906"}},{"threshold":295.0,"model":{"type":"minecraft:model","model":"nova:gen_model/1907"}},{"threshold":296.0,"model":{"type":"minecraft:model","model":"nova:gen_model/1908"}},{"threshold":297.0,"model":{"type":"minecraft:model","model":"nova:gen_model/1909"}},{"threshold":298.0,"model":{"type":"minecraft:model","model":"nova:gen_model/1910"}},{"threshold":299.0,"model":{"type":"minecraft:model","model":"nova:gen_model/1911"}},{"threshold":300.0,"model":{"type":"minecraft:model","model":"nova:gen_model/1912"}},{"threshold":301.0,"model":{"type":"minecraft:model","model":"nova:gen_model/1913"}},{"threshold":302.0,"model":{"type":"minecraft:model","model":"nova:gen_model/1914"}},{"threshold":303.0,"model":{"type":"minecraft:model","model":"nova:gen_model/1915"}},{"threshold":304.0,"model":{"type":"minecraft:model","model":"nova:gen_model/1916"}},{"threshold":305.0,"model":{"type":"minecraft:model","model":"nova:gen_model/1917"}},{"threshold":306.0,"model":{"type":"minecraft:model","model":"nova:gen_model/1918"}},{"threshold":307.0,"model":{"type":"minecraft:model","model":"nova:gen_model/1919"}},{"threshold":308.0,"model":{"type":"minecraft:model","model":"nova:gen_model/1920"}},{"threshold":309.0,"model":{"type":"minecraft:model","model":"nova:gen_model/1921"}},{"threshold":310.0,"model":{"type":"minecraft:model","model":"nova:gen_model/1922"}},{"threshold":311.0,"model":{"type":"minecraft:model","model":"nova:gen_model/1923"}},{"threshold":312.0,"model":{"type":"minecraft:model","model":"nova:gen_model/1924"}},{"threshold":313.0,"model":{"type":"minecraft:model","model":"nova:gen_model/1925"}},{"threshold":314.0,"model":{"type":"minecraft:model","model":"nova:gen_model/1926"}},{"threshold":315.0,"model":{"type":"minecraft:model","model":"nova:gen_model/1927"}},{"threshold":316.0,"model":{"type":"minecraft:model","model":"nova:gen_model/1928"}},{"threshold":317.0,"model":{"type":"minecraft:model","model":"nova:gen_model/1929"}},{"threshold":318.0,"model":{"type":"minecraft:model","model":"nova:gen_model/1930"}},{"threshold":319.0,"model":{"type":"minecraft:model","model":"nova:gen_model/1931"}},{"threshold":320.0,"model":{"type":"minecraft:model","model":"nova:gen_model/1932"}},{"threshold":321.0,"model":{"type":"minecraft:model","model":"nova:gen_model/1933"}},{"threshold":322.0,"model":{"type":"minecraft:model","model":"nova:gen_model/1934"}},{"threshold":323.0,"model":{"type":"minecraft:model","model":"nova:gen_model/1935"}},{"threshold":324.0,"model":{"type":"minecraft:model","model":"nova:gen_model/1936"}},{"threshold":325.0,"model":{"type":"minecraft:model","model":"nova:gen_model/1937"}},{"threshold":326.0,"model":{"type":"minecraft:model","model":"nova:gen_model/1938"}},{"threshold":327.0,"model":{"type":"minecraft:model","model":"nova:gen_model/1939"}},{"threshold":328.0,"model":{"type":"minecraft:model","model":"nova:gen_model/1940"}},{"threshold":329.0,"model":{"type":"minecraft:model","model":"nova:gen_model/1941"}},{"threshold":330.0,"model":{"type":"minecraft:model","model":"nova:gen_model/1942"}},{"threshold":331.0,"model":{"type":"minecraft:model","model":"nova:gen_model/1943"}},{"threshold":332.0,"model":{"type":"minecraft:model","model":"nova:gen_model/1944"}},{"threshold":333.0,"model":{"type":"minecraft:model","model":"nova:gen_model/1945"}},{"threshold":334.0,"model":{"type":"minecraft:model","model":"nova:gen_model/1946"}},{"threshold":335.0,"model":{"type":"minecraft:model","model":"nova:gen_model/1947"}},{"threshold":336.0,"model":{"type":"minecraft:model","model":"nova:gen_model/1948"}},{"threshold":337.0,"model":{"type":"minecraft:model","model":"nova:gen_model/1949"}},{"threshold":338.0,"model":{"type":"minecraft:model","model":"nova:gen_model/1950"}},{"threshold":339.0,"model":{"type":"minecraft:model","model":"nova:gen_model/1951"}},{"threshold":340.0,"model":{"type":"minecraft:model","model":"nova:gen_model/1952"}},{"threshold":341.0,"model":{"type":"minecraft:model","model":"nova:gen_model/1953"}},{"threshold":342.0,"model":{"type":"minecraft:model","model":"nova:gen_model/1954"}},{"threshold":343.0,"model":{"type":"minecraft:model","model":"nova:gen_model/1955"}},{"threshold":344.0,"model":{"type":"minecraft:model","model":"nova:gen_model/1956"}},{"threshold":345.0,"model":{"type":"minecraft:model","model":"nova:gen_model/1957"}},{"threshold":346.0,"model":{"type":"minecraft:model","model":"nova:gen_model/1958"}},{"threshold":347.0,"model":{"type":"minecraft:model","model":"nova:gen_model/1959"}},{"threshold":348.0,"model":{"type":"minecraft:model","model":"nova:gen_model/1960"}},{"threshold":349.0,"model":{"type":"minecraft:model","model":"nova:gen_model/1961"}},{"threshold":350.0,"model":{"type":"minecraft:model","model":"nova:gen_model/1962"}},{"threshold":351.0,"model":{"type":"minecraft:model","model":"nova:gen_model/1963"}},{"threshold":352.0,"model":{"type":"minecraft:model","model":"nova:gen_model/1964"}},{"threshold":353.0,"model":{"type":"minecraft:model","model":"nova:gen_model/1965"}},{"threshold":354.0,"model":{"type":"minecraft:model","model":"nova:gen_model/1966"}},{"threshold":355.0,"model":{"type":"minecraft:model","model":"nova:gen_model/1967"}},{"threshold":356.0,"model":{"type":"minecraft:model","model":"nova:gen_model/1968"}},{"threshold":357.0,"model":{"type":"minecraft:model","model":"nova:gen_model/1969"}},{"threshold":358.0,"model":{"type":"minecraft:model","model":"nova:gen_model/1970"}},{"threshold":359.0,"model":{"type":"minecraft:model","model":"nova:gen_model/1971"}},{"threshold":360.0,"model":{"type":"minecraft:model","model":"nova:gen_model/1972"}},{"threshold":361.0,"model":{"type":"minecraft:model","model":"nova:gen_model/1973"}},{"threshold":362.0,"model":{"type":"minecraft:model","model":"nova:gen_model/1974"}},{"threshold":363.0,"model":{"type":"minecraft:model","model":"nova:gen_model/1975"}},{"threshold":364.0,"model":{"type":"minecraft:model","model":"nova:gen_model/1976"}},{"threshold":365.0,"model":{"type":"minecraft:model","model":"nova:gen_model/1977"}},{"threshold":366.0,"model":{"type":"minecraft:model","model":"nova:gen_model/1978"}},{"threshold":367.0,"model":{"type":"minecraft:model","model":"nova:gen_model/1979"}},{"threshold":368.0,"model":{"type":"minecraft:model","model":"nova:gen_model/1980"}},{"threshold":369.0,"model":{"type":"minecraft:model","model":"nova:gen_model/1981"}},{"threshold":370.0,"model":{"type":"minecraft:model","model":"nova:gen_model/1982"}},{"threshold":371.0,"model":{"type":"minecraft:model","model":"nova:gen_model/1983"}},{"threshold":372.0,"model":{"type":"minecraft:model","model":"nova:gen_model/1984"}},{"threshold":373.0,"model":{"type":"minecraft:model","model":"nova:gen_model/1985"}},{"threshold":374.0,"model":{"type":"minecraft:model","model":"nova:gen_model/1986"}},{"threshold":375.0,"model":{"type":"minecraft:model","model":"nova:gen_model/1987"}},{"threshold":376.0,"model":{"type":"minecraft:model","model":"nova:gen_model/1988"}},{"threshold":377.0,"model":{"type":"minecraft:model","model":"nova:gen_model/1989"}},{"threshold":378.0,"model":{"type":"minecraft:model","model":"nova:gen_model/1990"}},{"threshold":379.0,"model":{"type":"minecraft:model","model":"nova:gen_model/1991"}},{"threshold":380.0,"model":{"type":"minecraft:model","model":"nova:gen_model/1992"}},{"threshold":381.0,"model":{"type":"minecraft:model","model":"nova:gen_model/1993"}},{"threshold":382.0,"model":{"type":"minecraft:model","model":"nova:gen_model/1994"}},{"threshold":383.0,"model":{"type":"minecraft:model","model":"nova:gen_model/1995"}},{"threshold":384.0,"model":{"type":"minecraft:model","model":"nova:gen_model/1996"}},{"threshold":385.0,"model":{"type":"minecraft:model","model":"nova:gen_model/1997"}},{"threshold":386.0,"model":{"type":"minecraft:model","model":"nova:gen_model/1998"}},{"threshold":387.0,"model":{"type":"minecraft:model","model":"nova:gen_model/1999"}},{"threshold":388.0,"model":{"type":"minecraft:model","model":"nova:gen_model/2000"}},{"threshold":389.0,"model":{"type":"minecraft:model","model":"nova:gen_model/2001"}},{"threshold":390.0,"model":{"type":"minecraft:model","model":"nova:gen_model/2002"}},{"threshold":391.0,"model":{"type":"minecraft:model","model":"nova:gen_model/2003"}},{"threshold":392.0,"model":{"type":"minecraft:model","model":"nova:gen_model/2004"}},{"threshold":393.0,"model":{"type":"minecraft:model","model":"nova:gen_model/2005"}},{"threshold":394.0,"model":{"type":"minecraft:model","model":"nova:gen_model/2006"}},{"threshold":395.0,"model":{"type":"minecraft:model","model":"nova:gen_model/2007"}},{"threshold":396.0,"model":{"type":"minecraft:model","model":"nova:gen_model/2008"}},{"threshold":397.0,"model":{"type":"minecraft:model","model":"nova:gen_model/2009"}},{"threshold":398.0,"model":{"type":"minecraft:model","model":"nova:gen_model/2010"}},{"threshold":399.0,"model":{"type":"minecraft:model","model":"nova:gen_model/2011"}},{"threshold":400.0,"model":{"type":"minecraft:model","model":"nova:gen_model/2012"}},{"threshold":401.0,"model":{"type":"minecraft:model","model":"nova:gen_model/2013"}},{"threshold":402.0,"model":{"type":"minecraft:model","model":"nova:gen_model/2014"}},{"threshold":403.0,"model":{"type":"minecraft:model","model":"nova:gen_model/2015"}},{"threshold":404.0,"model":{"type":"minecraft:model","model":"nova:gen_model/2016"}},{"threshold":405.0,"model":{"type":"minecraft:model","model":"nova:gen_model/2017"}},{"threshold":406.0,"model":{"type":"minecraft:model","model":"nova:gen_model/2018"}},{"threshold":407.0,"model":{"type":"minecraft:model","model":"nova:gen_model/2019"}},{"threshold":408.0,"model":{"type":"minecraft:model","model":"nova:gen_model/2020"}},{"threshold":409.0,"model":{"type":"minecraft:model","model":"nova:gen_model/2021"}},{"threshold":410.0,"model":{"type":"minecraft:model","model":"nova:gen_model/2022"}},{"threshold":411.0,"model":{"type":"minecraft:model","model":"nova:gen_model/2023"}},{"threshold":412.0,"model":{"type":"minecraft:model","model":"nova:gen_model/2024"}},{"threshold":413.0,"model":{"type":"minecraft:model","model":"nova:gen_model/2025"}},{"threshold":414.0,"model":{"type":"minecraft:model","model":"nova:gen_model/2026"}},{"threshold":415.0,"model":{"type":"minecraft:model","model":"nova:gen_model/2027"}},{"threshold":416.0,"model":{"type":"minecraft:model","model":"nova:gen_model/2028"}},{"threshold":417.0,"model":{"type":"minecraft:model","model":"nova:gen_model/2029"}},{"threshold":418.0,"model":{"type":"minecraft:model","model":"nova:gen_model/2030"}},{"threshold":419.0,"model":{"type":"minecraft:model","model":"nova:gen_model/2031"}},{"threshold":420.0,"model":{"type":"minecraft:model","model":"nova:gen_model/2032"}},{"threshold":421.0,"model":{"type":"minecraft:model","model":"nova:gen_model/2033"}},{"threshold":422.0,"model":{"type":"minecraft:model","model":"nova:gen_model/2034"}},{"threshold":423.0,"model":{"type":"minecraft:model","model":"nova:gen_model/2035"}},{"threshold":424.0,"model":{"type":"minecraft:model","model":"nova:gen_model/2036"}},{"threshold":425.0,"model":{"type":"minecraft:model","model":"nova:gen_model/2037"}},{"threshold":426.0,"model":{"type":"minecraft:model","model":"nova:gen_model/2038"}},{"threshold":427.0,"model":{"type":"minecraft:model","model":"nova:gen_model/2039"}},{"threshold":428.0,"model":{"type":"minecraft:model","model":"nova:gen_model/2040"}},{"threshold":429.0,"model":{"type":"minecraft:model","model":"nova:gen_model/2041"}},{"threshold":430.0,"model":{"type":"minecraft:model","model":"nova:gen_model/2042"}},{"threshold":431.0,"model":{"type":"minecraft:model","model":"nova:gen_model/2043"}},{"threshold":432.0,"model":{"type":"minecraft:model","model":"nova:gen_model/2044"}},{"threshold":433.0,"model":{"type":"minecraft:model","model":"nova:gen_model/2045"}},{"threshold":434.0,"model":{"type":"minecraft:model","model":"nova:gen_model/2046"}},{"threshold":435.0,"model":{"type":"minecraft:model","model":"nova:gen_model/2047"}},{"threshold":436.0,"model":{"type":"minecraft:model","model":"nova:gen_model/2048"}},{"threshold":437.0,"model":{"type":"minecraft:model","model":"nova:gen_model/2049"}},{"threshold":438.0,"model":{"type":"minecraft:model","model":"nova:gen_model/2050"}},{"threshold":439.0,"model":{"type":"minecraft:model","model":"nova:gen_model/2051"}},{"threshold":440.0,"model":{"type":"minecraft:model","model":"nova:gen_model/2052"}},{"threshold":441.0,"model":{"type":"minecraft:model","model":"nova:gen_model/2053"}},{"threshold":442.0,"model":{"type":"minecraft:model","model":"nova:gen_model/2054"}},{"threshold":443.0,"model":{"type":"minecraft:model","model":"nova:gen_model/2055"}},{"threshold":444.0,"model":{"type":"minecraft:model","model":"nova:gen_model/2056"}},{"threshold":445.0,"model":{"type":"minecraft:model","model":"nova:gen_model/2057"}},{"threshold":446.0,"model":{"type":"minecraft:model","model":"nova:gen_model/2058"}},{"threshold":447.0,"model":{"type":"minecraft:model","model":"nova:gen_model/2059"}},{"threshold":448.0,"model":{"type":"minecraft:model","model":"nova:gen_model/2060"}},{"threshold":449.0,"model":{"type":"minecraft:model","model":"nova:gen_model/2061"}},{"threshold":450.0,"model":{"type":"minecraft:model","model":"nova:gen_model/2062"}},{"threshold":451.0,"model":{"type":"minecraft:model","model":"nova:gen_model/2063"}},{"threshold":452.0,"model":{"type":"minecraft:model","model":"nova:gen_model/2064"}},{"threshold":453.0,"model":{"type":"minecraft:model","model":"nova:gen_model/2065"}},{"threshold":454.0,"model":{"type":"minecraft:model","model":"nova:gen_model/2066"}},{"threshold":455.0,"model":{"type":"minecraft:model","model":"nova:gen_model/2067"}},{"threshold":456.0,"model":{"type":"minecraft:model","model":"nova:gen_model/2068"}},{"threshold":457.0,"model":{"type":"minecraft:model","model":"nova:gen_model/2069"}},{"threshold":458.0,"model":{"type":"minecraft:model","model":"nova:gen_model/2070"}},{"threshold":459.0,"model":{"type":"minecraft:model","model":"nova:gen_model/2071"}},{"threshold":460.0,"model":{"type":"minecraft:model","model":"nova:gen_model/2072"}},{"threshold":461.0,"model":{"type":"minecraft:model","model":"nova:gen_model/2073"}},{"threshold":462.0,"model":{"type":"minecraft:model","model":"nova:gen_model/2074"}},{"threshold":463.0,"model":{"type":"minecraft:model","model":"nova:gen_model/2075"}},{"threshold":464.0,"model":{"type":"minecraft:model","model":"nova:gen_model/2076"}},{"threshold":465.0,"model":{"type":"minecraft:model","model":"nova:gen_model/2077"}},{"threshold":466.0,"model":{"type":"minecraft:model","model":"nova:gen_model/2078"}},{"threshold":467.0,"model":{"type":"minecraft:model","model":"nova:gen_model/2079"}},{"threshold":468.0,"model":{"type":"minecraft:model","model":"nova:gen_model/2080"}},{"threshold":469.0,"model":{"type":"minecraft:model","model":"nova:gen_model/2081"}},{"threshold":470.0,"model":{"type":"minecraft:model","model":"nova:gen_model/2082"}},{"threshold":471.0,"model":{"type":"minecraft:model","model":"nova:gen_model/2083"}},{"threshold":472.0,"model":{"type":"minecraft:model","model":"nova:gen_model/2084"}},{"threshold":473.0,"model":{"type":"minecraft:model","model":"nova:gen_model/2085"}},{"threshold":474.0,"model":{"type":"minecraft:model","model":"nova:gen_model/2086"}},{"threshold":475.0,"model":{"type":"minecraft:model","model":"nova:gen_model/2087"}},{"threshold":476.0,"model":{"type":"minecraft:model","model":"nova:gen_model/2088"}},{"threshold":477.0,"model":{"type":"minecraft:model","model":"nova:gen_model/2089"}},{"threshold":478.0,"model":{"type":"minecraft:model","model":"nova:gen_model/2090"}},{"threshold":479.0,"model":{"type":"minecraft:model","model":"nova:gen_model/2091"}},{"threshold":480.0,"model":{"type":"minecraft:model","model":"nova:gen_model/2092"}},{"threshold":481.0,"model":{"type":"minecraft:model","model":"nova:gen_model/2093"}},{"threshold":482.0,"model":{"type":"minecraft:model","model":"nova:gen_model/2094"}},{"threshold":483.0,"model":{"type":"minecraft:model","model":"nova:gen_model/2095"}},{"threshold":484.0,"model":{"type":"minecraft:model","model":"nova:gen_model/2096"}},{"threshold":485.0,"model":{"type":"minecraft:model","model":"nova:gen_model/2097"}},{"threshold":486.0,"model":{"type":"minecraft:model","model":"nova:gen_model/2098"}},{"threshold":487.0,"model":{"type":"minecraft:model","model":"nova:gen_model/2099"}},{"threshold":488.0,"model":{"type":"minecraft:model","model":"nova:gen_model/2100"}},{"threshold":489.0,"model":{"type":"minecraft:model","model":"nova:gen_model/2101"}},{"threshold":490.0,"model":{"type":"minecraft:model","model":"nova:gen_model/2102"}},{"threshold":491.0,"model":{"type":"minecraft:model","model":"nova:gen_model/2103"}},{"threshold":492.0,"model":{"type":"minecraft:model","model":"nova:gen_model/2104"}},{"threshold":493.0,"model":{"type":"minecraft:model","model":"nova:gen_model/2105"}},{"threshold":494.0,"model":{"type":"minecraft:model","model":"nova:gen_model/2106"}},{"threshold":495.0,"model":{"type":"minecraft:model","model":"nova:gen_model/2107"}},{"threshold":496.0,"model":{"type":"minecraft:model","model":"nova:gen_model/2108"}},{"threshold":497.0,"model":{"type":"minecraft:model","model":"nova:gen_model/2109"}},{"threshold":498.0,"model":{"type":"minecraft:model","model":"nova:gen_model/2110"}},{"threshold":499.0,"model":{"type":"minecraft:model","model":"nova:gen_model/2111"}},{"threshold":500.0,"model":{"type":"minecraft:model","model":"nova:gen_model/2112"}},{"threshold":501.0,"model":{"type":"minecraft:model","model":"nova:gen_model/2113"}},{"threshold":502.0,"model":{"type":"minecraft:model","model":"nova:gen_model/2114"}},{"threshold":503.0,"model":{"type":"minecraft:model","model":"nova:gen_model/2115"}},{"threshold":504.0,"model":{"type":"minecraft:model","model":"nova:gen_model/2116"}},{"threshold":505.0,"model":{"type":"minecraft:model","model":"nova:gen_model/2117"}},{"threshold":506.0,"model":{"type":"minecraft:model","model":"nova:gen_model/2118"}},{"threshold":507.0,"model":{"type":"minecraft:model","model":"nova:gen_model/2119"}},{"threshold":508.0,"model":{"type":"minecraft:model","model":"nova:gen_model/2120"}},{"threshold":509.0,"model":{"type":"minecraft:model","model":"nova:gen_model/2121"}},{"threshold":510.0,"model":{"type":"minecraft:model","model":"nova:gen_model/2122"}},{"threshold":511.0,"model":{"type":"minecraft:model","model":"nova:gen_model/2123"}},{"threshold":512.0,"model":{"type":"minecraft:model","model":"nova:gen_model/2124"}},{"threshold":513.0,"model":{"type":"minecraft:model","model":"nova:gen_model/2125"}},{"threshold":514.0,"model":{"type":"minecraft:model","model":"nova:gen_model/2126"}},{"threshold":515.0,"model":{"type":"minecraft:model","model":"nova:gen_model/2127"}},{"threshold":516.0,"model":{"type":"minecraft:model","model":"nova:gen_model/2128"}},{"threshold":517.0,"model":{"type":"minecraft:model","model":"nova:gen_model/2129"}},{"threshold":518.0,"model":{"type":"minecraft:model","model":"nova:gen_model/2130"}},{"threshold":519.0,"model":{"type":"minecraft:model","model":"nova:gen_model/2131"}},{"threshold":520.0,"model":{"type":"minecraft:model","model":"nova:gen_model/2132"}},{"threshold":521.0,"model":{"type":"minecraft:model","model":"nova:gen_model/2133"}},{"threshold":522.0,"model":{"type":"minecraft:model","model":"nova:gen_model/2134"}},{"threshold":523.0,"model":{"type":"minecraft:model","model":"nova:gen_model/2135"}},{"threshold":524.0,"model":{"type":"minecraft:model","model":"nova:gen_model/2136"}},{"threshold":525.0,"model":{"type":"minecraft:model","model":"nova:gen_model/2137"}},{"threshold":526.0,"model":{"type":"minecraft:model","model":"nova:gen_model/2138"}},{"threshold":527.0,"model":{"type":"minecraft:model","model":"nova:gen_model/2139"}},{"threshold":528.0,"model":{"type":"minecraft:model","model":"nova:gen_model/2140"}},{"threshold":529.0,"model":{"type":"minecraft:model","model":"nova:gen_model/2141"}},{"threshold":530.0,"model":{"type":"minecraft:model","model":"nova:gen_model/2142"}},{"threshold":531.0,"model":{"type":"minecraft:model","model":"nova:gen_model/2143"}},{"threshold":532.0,"model":{"type":"minecraft:model","model":"nova:gen_model/2144"}},{"threshold":533.0,"model":{"type":"minecraft:model","model":"nova:gen_model/2145"}},{"threshold":534.0,"model":{"type":"minecraft:model","model":"nova:gen_model/2146"}},{"threshold":535.0,"model":{"type":"minecraft:model","model":"nova:gen_model/2147"}},{"threshold":536.0,"model":{"type":"minecraft:model","model":"nova:gen_model/2148"}},{"threshold":537.0,"model":{"type":"minecraft:model","model":"nova:gen_model/2149"}},{"threshold":538.0,"model":{"type":"minecraft:model","model":"nova:gen_model/2150"}},{"threshold":539.0,"model":{"type":"minecraft:model","model":"nova:gen_model/2151"}},{"threshold":540.0,"model":{"type":"minecraft:model","model":"nova:gen_model/2152"}},{"threshold":541.0,"model":{"type":"minecraft:model","model":"nova:gen_model/2153"}},{"threshold":542.0,"model":{"type":"minecraft:model","model":"nova:gen_model/2154"}},{"threshold":543.0,"model":{"type":"minecraft:model","model":"nova:gen_model/2155"}},{"threshold":544.0,"model":{"type":"minecraft:model","model":"nova:gen_model/2156"}},{"threshold":545.0,"model":{"type":"minecraft:model","model":"nova:gen_model/2157"}},{"threshold":546.0,"model":{"type":"minecraft:model","model":"nova:gen_model/2158"}},{"threshold":547.0,"model":{"type":"minecraft:model","model":"nova:gen_model/2159"}},{"threshold":548.0,"model":{"type":"minecraft:model","model":"nova:gen_model/2160"}},{"threshold":549.0,"model":{"type":"minecraft:model","model":"nova:gen_model/2161"}},{"threshold":550.0,"model":{"type":"minecraft:model","model":"nova:gen_model/2162"}},{"threshold":551.0,"model":{"type":"minecraft:model","model":"nova:gen_model/2163"}},{"threshold":552.0,"model":{"type":"minecraft:model","model":"nova:gen_model/2164"}},{"threshold":553.0,"model":{"type":"minecraft:model","model":"nova:gen_model/2165"}},{"threshold":554.0,"model":{"type":"minecraft:model","model":"nova:gen_model/2166"}},{"threshold":555.0,"model":{"type":"minecraft:model","model":"nova:gen_model/2167"}},{"threshold":556.0,"model":{"type":"minecraft:model","model":"nova:gen_model/2168"}},{"threshold":557.0,"model":{"type":"minecraft:model","model":"nova:gen_model/2169"}},{"threshold":558.0,"model":{"type":"minecraft:model","model":"nova:gen_model/2170"}},{"threshold":559.0,"model":{"type":"minecraft:model","model":"nova:gen_model/2171"}},{"threshold":560.0,"model":{"type":"minecraft:model","model":"nova:gen_model/2172"}},{"threshold":561.0,"model":{"type":"minecraft:model","model":"nova:gen_model/2173"}},{"threshold":562.0,"model":{"type":"minecraft:model","model":"nova:gen_model/2174"}},{"threshold":563.0,"model":{"type":"minecraft:model","model":"nova:gen_model/2175"}},{"threshold":564.0,"model":{"type":"minecraft:model","model":"nova:gen_model/2176"}},{"threshold":565.0,"model":{"type":"minecraft:model","model":"nova:gen_model/2177"}},{"threshold":566.0,"model":{"type":"minecraft:model","model":"nova:gen_model/2178"}},{"threshold":567.0,"model":{"type":"minecraft:model","model":"nova:gen_model/2179"}},{"threshold":568.0,"model":{"type":"minecraft:model","model":"nova:gen_model/2180"}},{"threshold":569.0,"model":{"type":"minecraft:model","model":"nova:gen_model/2181"}},{"threshold":570.0,"model":{"type":"minecraft:model","model":"nova:gen_model/2182"}},{"threshold":571.0,"model":{"type":"minecraft:model","model":"nova:gen_model/2183"}},{"threshold":572.0,"model":{"type":"minecraft:model","model":"nova:gen_model/2184"}},{"threshold":573.0,"model":{"type":"minecraft:model","model":"nova:gen_model/2185"}},{"threshold":574.0,"model":{"type":"minecraft:model","model":"nova:gen_model/2186"}},{"threshold":575.0,"model":{"type":"minecraft:model","model":"nova:gen_model/2187"}},{"threshold":576.0,"model":{"type":"minecraft:model","model":"nova:gen_model/2188"}},{"threshold":577.0,"model":{"type":"minecraft:model","model":"nova:gen_model/2189"}},{"threshold":578.0,"model":{"type":"minecraft:model","model":"nova:gen_model/2190"}},{"threshold":579.0,"model":{"type":"minecraft:model","model":"nova:gen_model/2191"}},{"threshold":580.0,"model":{"type":"minecraft:model","model":"nova:gen_model/2192"}},{"threshold":581.0,"model":{"type":"minecraft:model","model":"nova:gen_model/2193"}},{"threshold":582.0,"model":{"type":"minecraft:model","model":"nova:gen_model/2194"}},{"threshold":583.0,"model":{"type":"minecraft:model","model":"nova:gen_model/2195"}},{"threshold":584.0,"model":{"type":"minecraft:model","model":"nova:gen_model/2196"}},{"threshold":585.0,"model":{"type":"minecraft:model","model":"nova:gen_model/2197"}},{"threshold":586.0,"model":{"type":"minecraft:model","model":"nova:gen_model/2198"}},{"threshold":587.0,"model":{"type":"minecraft:model","model":"nova:gen_model/2199"}},{"threshold":588.0,"model":{"type":"minecraft:model","model":"nova:gen_model/2200"}},{"threshold":589.0,"model":{"type":"minecraft:model","model":"nova:gen_model/2201"}},{"threshold":590.0,"model":{"type":"minecraft:model","model":"nova:gen_model/2202"}},{"threshold":591.0,"model":{"type":"minecraft:model","model":"nova:gen_model/2203"}},{"threshold":592.0,"model":{"type":"minecraft:model","model":"nova:gen_model/2204"}},{"threshold":593.0,"model":{"type":"minecraft:model","model":"nova:gen_model/2205"}},{"threshold":594.0,"model":{"type":"minecraft:model","model":"nova:gen_model/2206"}},{"threshold":595.0,"model":{"type":"minecraft:model","model":"nova:gen_model/2207"}},{"threshold":596.0,"model":{"type":"minecraft:model","model":"nova:gen_model/2208"}},{"threshold":597.0,"model":{"type":"minecraft:model","model":"nova:gen_model/2209"}},{"threshold":598.0,"model":{"type":"minecraft:model","model":"nova:gen_model/2210"}},{"threshold":599.0,"model":{"type":"minecraft:model","model":"nova:gen_model/2211"}},{"threshold":600.0,"model":{"type":"minecraft:model","model":"nova:gen_model/2212"}},{"threshold":601.0,"model":{"type":"minecraft:model","model":"nova:gen_model/2213"}},{"threshold":602.0,"model":{"type":"minecraft:model","model":"nova:gen_model/2214"}},{"threshold":603.0,"model":{"type":"minecraft:model","model":"nova:gen_model/2215"}},{"threshold":604.0,"model":{"type":"minecraft:model","model":"nova:gen_model/2216"}},{"threshold":605.0,"model":{"type":"minecraft:model","model":"nova:gen_model/2217"}},{"threshold":606.0,"model":{"type":"minecraft:model","model":"nova:gen_model/2218"}},{"threshold":607.0,"model":{"type":"minecraft:model","model":"nova:gen_model/2219"}},{"threshold":608.0,"model":{"type":"minecraft:model","model":"nova:gen_model/2220"}},{"threshold":609.0,"model":{"type":"minecraft:model","model":"nova:gen_model/2221"}},{"threshold":610.0,"model":{"type":"minecraft:model","model":"nova:gen_model/2222"}},{"threshold":611.0,"model":{"type":"minecraft:model","model":"nova:gen_model/2223"}},{"threshold":612.0,"model":{"type":"minecraft:model","model":"nova:gen_model/2224"}},{"threshold":613.0,"model":{"type":"minecraft:model","model":"nova:gen_model/2225"}},{"threshold":614.0,"model":{"type":"minecraft:model","model":"nova:gen_model/2226"}},{"threshold":615.0,"model":{"type":"minecraft:model","model":"nova:gen_model/2227"}},{"threshold":616.0,"model":{"type":"minecraft:model","model":"nova:gen_model/2228"}},{"threshold":617.0,"model":{"type":"minecraft:model","model":"nova:gen_model/2229"}},{"threshold":618.0,"model":{"type":"minecraft:model","model":"nova:gen_model/2230"}},{"threshold":619.0,"model":{"type":"minecraft:model","model":"nova:gen_model/2231"}},{"threshold":620.0,"model":{"type":"minecraft:model","model":"nova:gen_model/2232"}},{"threshold":621.0,"model":{"type":"minecraft:model","model":"nova:gen_model/2233"}},{"threshold":622.0,"model":{"type":"minecraft:model","model":"nova:gen_model/2234"}},{"threshold":623.0,"model":{"type":"minecraft:model","model":"nova:gen_model/2235"}},{"threshold":624.0,"model":{"type":"minecraft:model","model":"nova:gen_model/2236"}},{"threshold":625.0,"model":{"type":"minecraft:model","model":"nova:gen_model/2237"}},{"threshold":626.0,"model":{"type":"minecraft:model","model":"nova:gen_model/2238"}},{"threshold":627.0,"model":{"type":"minecraft:model","model":"nova:gen_model/2239"}},{"threshold":628.0,"model":{"type":"minecraft:model","model":"nova:gen_model/2240"}},{"threshold":629.0,"model":{"type":"minecraft:model","model":"nova:gen_model/2241"}},{"threshold":630.0,"model":{"type":"minecraft:model","model":"nova:gen_model/2242"}},{"threshold":631.0,"model":{"type":"minecraft:model","model":"nova:gen_model/2243"}},{"threshold":632.0,"model":{"type":"minecraft:model","model":"nova:gen_model/2244"}},{"threshold":633.0,"model":{"type":"minecraft:model","model":"nova:gen_model/2245"}},{"threshold":634.0,"model":{"type":"minecraft:model","model":"nova:gen_model/2246"}},{"threshold":635.0,"model":{"type":"minecraft:model","model":"nova:gen_model/2247"}},{"threshold":636.0,"model":{"type":"minecraft:model","model":"nova:gen_model/2248"}},{"threshold":637.0,"model":{"type":"minecraft:model","model":"nova:gen_model/2249"}},{"threshold":638.0,"model":{"type":"minecraft:model","model":"nova:gen_model/2250"}},{"threshold":639.0,"model":{"type":"minecraft:model","model":"nova:gen_model/2251"}},{"threshold":640.0,"model":{"type":"minecraft:model","model":"nova:gen_model/2252"}},{"threshold":641.0,"model":{"type":"minecraft:model","model":"nova:gen_model/2253"}},{"threshold":642.0,"model":{"type":"minecraft:model","model":"nova:gen_model/2254"}},{"threshold":643.0,"model":{"type":"minecraft:model","model":"nova:gen_model/2255"}},{"threshold":644.0,"model":{"type":"minecraft:model","model":"nova:gen_model/2256"}},{"threshold":645.0,"model":{"type":"minecraft:model","model":"nova:gen_model/2257"}},{"threshold":646.0,"model":{"type":"minecraft:model","model":"nova:gen_model/2258"}},{"threshold":647.0,"model":{"type":"minecraft:model","model":"nova:gen_model/2259"}},{"threshold":648.0,"model":{"type":"minecraft:model","model":"nova:gen_model/2260"}},{"threshold":649.0,"model":{"type":"minecraft:model","model":"nova:gen_model/2261"}},{"threshold":650.0,"model":{"type":"minecraft:model","model":"nova:gen_model/2262"}},{"threshold":651.0,"model":{"type":"minecraft:model","model":"nova:gen_model/2263"}},{"threshold":652.0,"model":{"type":"minecraft:model","model":"nova:gen_model/2264"}},{"threshold":653.0,"model":{"type":"minecraft:model","model":"nova:gen_model/2265"}},{"threshold":654.0,"model":{"type":"minecraft:model","model":"nova:gen_model/2266"}},{"threshold":655.0,"model":{"type":"minecraft:model","model":"nova:gen_model/2267"}},{"threshold":656.0,"model":{"type":"minecraft:model","model":"nova:gen_model/2268"}},{"threshold":657.0,"model":{"type":"minecraft:model","model":"nova:gen_model/2269"}},{"threshold":658.0,"model":{"type":"minecraft:model","model":"nova:gen_model/2270"}},{"threshold":659.0,"model":{"type":"minecraft:model","model":"nova:gen_model/2271"}},{"threshold":660.0,"model":{"type":"minecraft:model","model":"nova:gen_model/2272"}},{"threshold":661.0,"model":{"type":"minecraft:model","model":"nova:gen_model/2273"}},{"threshold":662.0,"model":{"type":"minecraft:model","model":"nova:gen_model/2274"}},{"threshold":663.0,"model":{"type":"minecraft:model","model":"nova:gen_model/2275"}},{"threshold":664.0,"model":{"type":"minecraft:model","model":"nova:gen_model/2276"}},{"threshold":665.0,"model":{"type":"minecraft:model","model":"nova:gen_model/2277"}},{"threshold":666.0,"model":{"type":"minecraft:model","model":"nova:gen_model/2278"}},{"threshold":667.0,"model":{"type":"minecraft:model","model":"nova:gen_model/2279"}},{"threshold":668.0,"model":{"type":"minecraft:model","model":"nova:gen_model/2280"}},{"threshold":669.0,"model":{"type":"minecraft:model","model":"nova:gen_model/2281"}},{"threshold":670.0,"model":{"type":"minecraft:model","model":"nova:gen_model/2282"}},{"threshold":671.0,"model":{"type":"minecraft:model","model":"nova:gen_model/2283"}},{"threshold":672.0,"model":{"type":"minecraft:model","model":"nova:gen_model/2284"}},{"threshold":673.0,"model":{"type":"minecraft:model","model":"nova:gen_model/2285"}},{"threshold":674.0,"model":{"type":"minecraft:model","model":"nova:gen_model/2286"}},{"threshold":675.0,"model":{"type":"minecraft:model","model":"nova:gen_model/2287"}},{"threshold":676.0,"model":{"type":"minecraft:model","model":"nova:gen_model/2288"}},{"threshold":677.0,"model":{"type":"minecraft:model","model":"nova:gen_model/2289"}},{"threshold":678.0,"model":{"type":"minecraft:model","model":"nova:gen_model/2290"}},{"threshold":679.0,"model":{"type":"minecraft:model","model":"nova:gen_model/2291"}},{"threshold":680.0,"model":{"type":"minecraft:model","model":"nova:gen_model/2292"}},{"threshold":681.0,"model":{"type":"minecraft:model","model":"nova:gen_model/2293"}},{"threshold":682.0,"model":{"type":"minecraft:model","model":"nova:gen_model/2294"}},{"threshold":683.0,"model":{"type":"minecraft:model","model":"nova:gen_model/2295"}},{"threshold":684.0,"model":{"type":"minecraft:model","model":"nova:gen_model/2296"}},{"threshold":685.0,"model":{"type":"minecraft:model","model":"nova:gen_model/2297"}},{"threshold":686.0,"model":{"type":"minecraft:model","model":"nova:gen_model/2298"}},{"threshold":687.0,"model":{"type":"minecraft:model","model":"nova:gen_model/2299"}},{"threshold":688.0,"model":{"type":"minecraft:model","model":"nova:gen_model/2300"}},{"threshold":689.0,"model":{"type":"minecraft:model","model":"nova:gen_model/2301"}},{"threshold":690.0,"model":{"type":"minecraft:model","model":"nova:gen_model/2302"}},{"threshold":691.0,"model":{"type":"minecraft:model","model":"nova:gen_model/2303"}},{"threshold":692.0,"model":{"type":"minecraft:model","model":"nova:gen_model/2304"}},{"threshold":693.0,"model":{"type":"minecraft:model","model":"nova:gen_model/2305"}},{"threshold":694.0,"model":{"type":"minecraft:model","model":"nova:gen_model/2306"}},{"threshold":695.0,"model":{"type":"minecraft:model","model":"nova:gen_model/2307"}},{"threshold":696.0,"model":{"type":"minecraft:model","model":"nova:gen_model/2308"}},{"threshold":697.0,"model":{"type":"minecraft:model","model":"nova:gen_model/2309"}},{"threshold":698.0,"model":{"type":"minecraft:model","model":"nova:gen_model/2310"}},{"threshold":699.0,"model":{"type":"minecraft:model","model":"nova:gen_model/2311"}},{"threshold":700.0,"model":{"type":"minecraft:model","model":"nova:gen_model/2312"}},{"threshold":701.0,"model":{"type":"minecraft:model","model":"nova:gen_model/2313"}},{"threshold":702.0,"model":{"type":"minecraft:model","model":"nova:gen_model/2314"}},{"threshold":703.0,"model":{"type":"minecraft:model","model":"nova:gen_model/2315"}},{"threshold":704.0,"model":{"type":"minecraft:model","model":"nova:gen_model/2316"}},{"threshold":705.0,"model":{"type":"minecraft:model","model":"nova:gen_model/2317"}},{"threshold":706.0,"model":{"type":"minecraft:model","model":"nova:gen_model/2318"}},{"threshold":707.0,"model":{"type":"minecraft:model","model":"nova:gen_model/2319"}},{"threshold":708.0,"model":{"type":"minecraft:model","model":"nova:gen_model/2320"}},{"threshold":709.0,"model":{"type":"minecraft:model","model":"nova:gen_model/2321"}},{"threshold":710.0,"model":{"type":"minecraft:model","model":"nova:gen_model/2322"}},{"threshold":711.0,"model":{"type":"minecraft:model","model":"nova:gen_model/2323"}},{"threshold":712.0,"model":{"type":"minecraft:model","model":"nova:gen_model/2324"}},{"threshold":713.0,"model":{"type":"minecraft:model","model":"nova:gen_model/2325"}},{"threshold":714.0,"model":{"type":"minecraft:model","model":"nova:gen_model/2326"}},{"threshold":715.0,"model":{"type":"minecraft:model","model":"nova:gen_model/2327"}},{"threshold":716.0,"model":{"type":"minecraft:model","model":"nova:gen_model/2328"}},{"threshold":717.0,"model":{"type":"minecraft:model","model":"nova:gen_model/2329"}},{"threshold":718.0,"model":{"type":"minecraft:model","model":"nova:gen_model/2330"}},{"threshold":719.0,"model":{"type":"minecraft:model","model":"nova:gen_model/2331"}},{"threshold":720.0,"model":{"type":"minecraft:model","model":"nova:gen_model/2332"}},{"threshold":721.0,"model":{"type":"minecraft:model","model":"nova:gen_model/2333"}},{"threshold":722.0,"model":{"type":"minecraft:model","model":"nova:gen_model/2334"}},{"threshold":723.0,"model":{"type":"minecraft:model","model":"nova:gen_model/2335"}},{"threshold":724.0,"model":{"type":"minecraft:model","model":"nova:gen_model/2336"}},{"threshold":725.0,"model":{"type":"minecraft:model","model":"nova:gen_model/2337"}},{"threshold":726.0,"model":{"type":"minecraft:model","model":"nova:gen_model/2338"}},{"threshold":727.0,"model":{"type":"minecraft:model","model":"nova:gen_model/2339"}},{"threshold":728.0,"model":{"type":"minecraft:model","model":"nova:gen_model/2340"}},{"threshold":729.0,"model":{"type":"minecraft:model","model":"nova:gen_model/2341"}},{"threshold":730.0,"model":{"type":"minecraft:model","model":"nova:gen_model/2342"}},{"threshold":731.0,"model":{"type":"minecraft:model","model":"nova:gen_model/2343"}},{"threshold":732.0,"model":{"type":"minecraft:model","model":"nova:gen_model/2344"}},{"threshold":733.0,"model":{"type":"minecraft:model","model":"nova:gen_model/2345"}},{"threshold":734.0,"model":{"type":"minecraft:model","model":"nova:gen_model/2346"}},{"threshold":735.0,"model":{"type":"minecraft:model","model":"nova:gen_model/2347"}},{"threshold":736.0,"model":{"type":"minecraft:model","model":"nova:gen_model/2348"}},{"threshold":737.0,"model":{"type":"minecraft:model","model":"nova:gen_model/2349"}},{"threshold":738.0,"model":{"type":"minecraft:model","model":"nova:gen_model/2350"}},{"threshold":739.0,"model":{"type":"minecraft:model","model":"nova:gen_model/2351"}},{"threshold":740.0,"model":{"type":"minecraft:model","model":"nova:gen_model/2352"}},{"threshold":741.0,"model":{"type":"minecraft:model","model":"nova:gen_model/2353"}},{"threshold":742.0,"model":{"type":"minecraft:model","model":"nova:gen_model/2354"}},{"threshold":743.0,"model":{"type":"minecraft:model","model":"nova:gen_model/2355"}},{"threshold":744.0,"model":{"type":"minecraft:model","model":"nova:gen_model/2356"}},{"threshold":745.0,"model":{"type":"minecraft:model","model":"nova:gen_model/2357"}},{"threshold":746.0,"model":{"type":"minecraft:model","model":"nova:gen_model/2358"}},{"threshold":747.0,"model":{"type":"minecraft:model","model":"nova:gen_model/2359"}},{"threshold":748.0,"model":{"type":"minecraft:model","model":"nova:gen_model/2360"}},{"threshold":749.0,"model":{"type":"minecraft:model","model":"nova:gen_model/2361"}},{"threshold":750.0,"model":{"type":"minecraft:model","model":"nova:gen_model/2362"}},{"threshold":751.0,"model":{"type":"minecraft:model","model":"nova:gen_model/2363"}},{"threshold":752.0,"model":{"type":"minecraft:model","model":"nova:gen_model/2364"}},{"threshold":753.0,"model":{"type":"minecraft:model","model":"nova:gen_model/2365"}},{"threshold":754.0,"model":{"type":"minecraft:model","model":"nova:gen_model/2366"}},{"threshold":755.0,"model":{"type":"minecraft:model","model":"nova:gen_model/2367"}},{"threshold":756.0,"model":{"type":"minecraft:model","model":"nova:gen_model/2368"}},{"threshold":757.0,"model":{"type":"minecraft:model","model":"nova:gen_model/2369"}},{"threshold":758.0,"model":{"type":"minecraft:model","model":"nova:gen_model/2370"}},{"threshold":759.0,"model":{"type":"minecraft:model","model":"nova:gen_model/2371"}},{"threshold":760.0,"model":{"type":"minecraft:model","model":"nova:gen_model/2372"}},{"threshold":761.0,"model":{"type":"minecraft:model","model":"nova:gen_model/2373"}},{"threshold":762.0,"model":{"type":"minecraft:model","model":"nova:gen_model/2374"}},{"threshold":763.0,"model":{"type":"minecraft:model","model":"nova:gen_model/2375"}},{"threshold":764.0,"model":{"type":"minecraft:model","model":"nova:gen_model/2376"}},{"threshold":765.0,"model":{"type":"minecraft:model","model":"nova:gen_model/2377"}},{"threshold":766.0,"model":{"type":"minecraft:model","model":"nova:gen_model/2378"}},{"threshold":767.0,"model":{"type":"minecraft:model","model":"nova:gen_model/2379"}},{"threshold":768.0,"model":{"type":"minecraft:model","model":"nova:gen_model/2380"}},{"threshold":769.0,"model":{"type":"minecraft:model","model":"nova:gen_model/2381"}},{"threshold":770.0,"model":{"type":"minecraft:model","model":"nova:gen_model/2382"}},{"threshold":771.0,"model":{"type":"minecraft:model","model":"nova:gen_model/2383"}},{"threshold":772.0,"model":{"type":"minecraft:model","model":"nova:gen_model/2384"}},{"threshold":773.0,"model":{"type":"minecraft:model","model":"nova:gen_model/2385"}},{"threshold":774.0,"model":{"type":"minecraft:model","model":"nova:gen_model/2386"}},{"threshold":775.0,"model":{"type":"minecraft:model","model":"nova:gen_model/2387"}},{"threshold":776.0,"model":{"type":"minecraft:model","model":"nova:gen_model/2388"}},{"threshold":777.0,"model":{"type":"minecraft:model","model":"nova:gen_model/2389"}},{"threshold":778.0,"model":{"type":"minecraft:model","model":"nova:gen_model/2390"}},{"threshold":779.0,"model":{"type":"minecraft:model","model":"nova:gen_model/2391"}},{"threshold":780.0,"model":{"type":"minecraft:model","model":"nova:gen_model/2392"}},{"threshold":781.0,"model":{"type":"minecraft:model","model":"nova:gen_model/2393"}},{"threshold":782.0,"model":{"type":"minecraft:model","model":"nova:gen_model/2394"}},{"threshold":783.0,"model":{"type":"minecraft:model","model":"nova:gen_model/2395"}},{"threshold":784.0,"model":{"type":"minecraft:model","model":"nova:gen_model/2396"}},{"threshold":785.0,"model":{"type":"minecraft:model","model":"nova:gen_model/2397"}},{"threshold":786.0,"model":{"type":"minecraft:model","model":"nova:gen_model/2398"}},{"threshold":787.0,"model":{"type":"minecraft:model","model":"nova:gen_model/2399"}},{"threshold":788.0,"model":{"type":"minecraft:model","model":"nova:gen_model/2400"}},{"threshold":789.0,"model":{"type":"minecraft:model","model":"nova:gen_model/2401"}},{"threshold":790.0,"model":{"type":"minecraft:model","model":"nova:gen_model/2402"}},{"threshold":791.0,"model":{"type":"minecraft:model","model":"nova:gen_model/2403"}},{"threshold":792.0,"model":{"type":"minecraft:model","model":"nova:gen_model/2404"}},{"threshold":793.0,"model":{"type":"minecraft:model","model":"nova:gen_model/2405"}},{"threshold":794.0,"model":{"type":"minecraft:model","model":"nova:gen_model/2406"}},{"threshold":795.0,"model":{"type":"minecraft:model","model":"nova:gen_model/2407"}},{"threshold":796.0,"model":{"type":"minecraft:model","model":"nova:gen_model/2408"}},{"threshold":797.0,"model":{"type":"minecraft:model","model":"nova:gen_model/2409"}},{"threshold":798.0,"model":{"type":"minecraft:model","model":"nova:gen_model/2410"}},{"threshold":799.0,"model":{"type":"minecraft:model","model":"nova:gen_model/2411"}},{"threshold":800.0,"model":{"type":"minecraft:model","model":"nova:gen_model/2412"}},{"threshold":801.0,"model":{"type":"minecraft:model","model":"nova:gen_model/2413"}},{"threshold":802.0,"model":{"type":"minecraft:model","model":"nova:gen_model/2414"}},{"threshold":803.0,"model":{"type":"minecraft:model","model":"nova:gen_model/2415"}},{"threshold":804.0,"model":{"type":"minecraft:model","model":"nova:gen_model/2416"}},{"threshold":805.0,"model":{"type":"minecraft:model","model":"nova:gen_model/2417"}},{"threshold":806.0,"model":{"type":"minecraft:model","model":"nova:gen_model/2418"}},{"threshold":807.0,"model":{"type":"minecraft:model","model":"nova:gen_model/2419"}},{"threshold":808.0,"model":{"type":"minecraft:model","model":"nova:gen_model/2420"}},{"threshold":809.0,"model":{"type":"minecraft:model","model":"nova:gen_model/2421"}},{"threshold":810.0,"model":{"type":"minecraft:model","model":"nova:gen_model/2422"}},{"threshold":811.0,"model":{"type":"minecraft:model","model":"nova:gen_model/2423"}},{"threshold":812.0,"model":{"type":"minecraft:model","model":"nova:gen_model/2424"}},{"threshold":813.0,"model":{"type":"minecraft:model","model":"nova:gen_model/2425"}},{"threshold":814.0,"model":{"type":"minecraft:model","model":"nova:gen_model/2426"}},{"threshold":815.0,"model":{"type":"minecraft:model","model":"nova:gen_model/2427"}},{"threshold":816.0,"model":{"type":"minecraft:model","model":"nova:gen_model/2428"}},{"threshold":817.0,"model":{"type":"minecraft:model","model":"nova:gen_model/2429"}},{"threshold":818.0,"model":{"type":"minecraft:model","model":"nova:gen_model/2430"}},{"threshold":819.0,"model":{"type":"minecraft:model","model":"nova:gen_model/2431"}},{"threshold":820.0,"model":{"type":"minecraft:model","model":"nova:gen_model/2432"}},{"threshold":821.0,"model":{"type":"minecraft:model","model":"nova:gen_model/2433"}},{"threshold":822.0,"model":{"type":"minecraft:model","model":"nova:gen_model/2434"}},{"threshold":823.0,"model":{"type":"minecraft:model","model":"nova:gen_model/2435"}},{"threshold":824.0,"model":{"type":"minecraft:model","model":"nova:gen_model/2436"}},{"threshold":825.0,"model":{"type":"minecraft:model","model":"nova:gen_model/2437"}},{"threshold":826.0,"model":{"type":"minecraft:model","model":"nova:gen_model/2438"}},{"threshold":827.0,"model":{"type":"minecraft:model","model":"nova:gen_model/2439"}},{"threshold":828.0,"model":{"type":"minecraft:model","model":"nova:gen_model/2440"}},{"threshold":829.0,"model":{"type":"minecraft:model","model":"nova:gen_model/2441"}},{"threshold":830.0,"model":{"type":"minecraft:model","model":"nova:gen_model/2442"}},{"threshold":831.0,"model":{"type":"minecraft:model","model":"nova:gen_model/2443"}},{"threshold":832.0,"model":{"type":"minecraft:model","model":"nova:gen_model/2444"}},{"threshold":833.0,"model":{"type":"minecraft:model","model":"nova:gen_model/2445"}},{"threshold":834.0,"model":{"type":"minecraft:model","model":"nova:gen_model/2446"}},{"threshold":835.0,"model":{"type":"minecraft:model","model":"nova:gen_model/2447"}},{"threshold":836.0,"model":{"type":"minecraft:model","model":"nova:gen_model/2448"}},{"threshold":837.0,"model":{"type":"minecraft:model","model":"nova:gen_model/2449"}},{"threshold":838.0,"model":{"type":"minecraft:model","model":"nova:gen_model/2450"}},{"threshold":839.0,"model":{"type":"minecraft:model","model":"nova:gen_model/2451"}},{"threshold":840.0,"model":{"type":"minecraft:model","model":"nova:gen_model/2452"}},{"threshold":841.0,"model":{"type":"minecraft:model","model":"nova:gen_model/2453"}},{"threshold":842.0,"model":{"type":"minecraft:model","model":"nova:gen_model/2454"}},{"threshold":843.0,"model":{"type":"minecraft:model","model":"nova:gen_model/2455"}},{"threshold":844.0,"model":{"type":"minecraft:model","model":"nova:gen_model/2456"}},{"threshold":845.0,"model":{"type":"minecraft:model","model":"nova:gen_model/2457"}},{"threshold":846.0,"model":{"type":"minecraft:model","model":"nova:gen_model/2458"}},{"threshold":847.0,"model":{"type":"minecraft:model","model":"nova:gen_model/2459"}},{"threshold":848.0,"model":{"type":"minecraft:model","model":"nova:gen_model/2460"}},{"threshold":849.0,"model":{"type":"minecraft:model","model":"nova:gen_model/2461"}},{"threshold":850.0,"model":{"type":"minecraft:model","model":"nova:gen_model/2462"}},{"threshold":851.0,"model":{"type":"minecraft:model","model":"nova:gen_model/2463"}},{"threshold":852.0,"model":{"type":"minecraft:model","model":"nova:gen_model/2464"}},{"threshold":853.0,"model":{"type":"minecraft:model","model":"nova:gen_model/2465"}},{"threshold":854.0,"model":{"type":"minecraft:model","model":"nova:gen_model/2466"}},{"threshold":855.0,"model":{"type":"minecraft:model","model":"nova:gen_model/2467"}},{"threshold":856.0,"model":{"type":"minecraft:model","model":"nova:gen_model/2468"}},{"threshold":857.0,"model":{"type":"minecraft:model","model":"nova:gen_model/2469"}},{"threshold":858.0,"model":{"type":"minecraft:model","model":"nova:gen_model/2470"}},{"threshold":859.0,"model":{"type":"minecraft:model","model":"nova:gen_model/2471"}},{"threshold":860.0,"model":{"type":"minecraft:model","model":"nova:gen_model/2472"}},{"threshold":861.0,"model":{"type":"minecraft:model","model":"nova:gen_model/2473"}},{"threshold":862.0,"model":{"type":"minecraft:model","model":"nova:gen_model/2474"}},{"threshold":863.0,"model":{"type":"minecraft:model","model":"nova:gen_model/2475"}},{"threshold":864.0,"model":{"type":"minecraft:model","model":"nova:gen_model/2476"}},{"threshold":865.0,"model":{"type":"minecraft:model","model":"nova:gen_model/2477"}},{"threshold":866.0,"model":{"type":"minecraft:model","model":"nova:gen_model/2478"}},{"threshold":867.0,"model":{"type":"minecraft:model","model":"nova:gen_model/2479"}},{"threshold":868.0,"model":{"type":"minecraft:model","model":"nova:gen_model/2480"}},{"threshold":869.0,"model":{"type":"minecraft:model","model":"nova:gen_model/2481"}},{"threshold":870.0,"model":{"type":"minecraft:model","model":"nova:gen_model/2482"}},{"threshold":871.0,"model":{"type":"minecraft:model","model":"nova:gen_model/2483"}},{"threshold":872.0,"model":{"type":"minecraft:model","model":"nova:gen_model/2484"}},{"threshold":873.0,"model":{"type":"minecraft:model","model":"nova:gen_model/2485"}},{"threshold":874.0,"model":{"type":"minecraft:model","model":"nova:gen_model/2486"}},{"threshold":875.0,"model":{"type":"minecraft:model","model":"nova:gen_model/2487"}},{"threshold":876.0,"model":{"type":"minecraft:model","model":"nova:gen_model/2488"}},{"threshold":877.0,"model":{"type":"minecraft:model","model":"nova:gen_model/2489"}},{"threshold":878.0,"model":{"type":"minecraft:model","model":"nova:gen_model/2490"}},{"threshold":879.0,"model":{"type":"minecraft:model","model":"nova:gen_model/2491"}},{"threshold":880.0,"model":{"type":"minecraft:model","model":"nova:gen_model/2492"}},{"threshold":881.0,"model":{"type":"minecraft:model","model":"nova:gen_model/2493"}},{"threshold":882.0,"model":{"type":"minecraft:model","model":"nova:gen_model/2494"}},{"threshold":883.0,"model":{"type":"minecraft:model","model":"nova:gen_model/2495"}},{"threshold":884.0,"model":{"type":"minecraft:model","model":"nova:gen_model/2496"}},{"threshold":885.0,"model":{"type":"minecraft:model","model":"nova:gen_model/2497"}},{"threshold":886.0,"model":{"type":"minecraft:model","model":"nova:gen_model/2498"}},{"threshold":887.0,"model":{"type":"minecraft:model","model":"nova:gen_model/2499"}},{"threshold":888.0,"model":{"type":"minecraft:model","model":"nova:gen_model/2500"}},{"threshold":889.0,"model":{"type":"minecraft:model","model":"nova:gen_model/2501"}},{"threshold":890.0,"model":{"type":"minecraft:model","model":"nova:gen_model/2502"}},{"threshold":891.0,"model":{"type":"minecraft:model","model":"nova:gen_model/2503"}},{"threshold":892.0,"model":{"type":"minecraft:model","model":"nova:gen_model/2504"}},{"threshold":893.0,"model":{"type":"minecraft:model","model":"nova:gen_model/2505"}},{"threshold":894.0,"model":{"type":"minecraft:model","model":"nova:gen_model/2506"}},{"threshold":895.0,"model":{"type":"minecraft:model","model":"nova:gen_model/2507"}},{"threshold":896.0,"model":{"type":"minecraft:model","model":"nova:gen_model/2508"}},{"threshold":897.0,"model":{"type":"minecraft:model","model":"nova:gen_model/2509"}},{"threshold":898.0,"model":{"type":"minecraft:model","model":"nova:gen_model/2510"}},{"threshold":899.0,"model":{"type":"minecraft:model","model":"nova:gen_model/2511"}},{"threshold":900.0,"model":{"type":"minecraft:model","model":"nova:gen_model/2512"}},{"threshold":901.0,"model":{"type":"minecraft:model","model":"nova:gen_model/2513"}},{"threshold":902.0,"model":{"type":"minecraft:model","model":"nova:gen_model/2514"}},{"threshold":903.0,"model":{"type":"minecraft:model","model":"nova:gen_model/2515"}},{"threshold":904.0,"model":{"type":"minecraft:model","model":"nova:gen_model/2516"}},{"threshold":905.0,"model":{"type":"minecraft:model","model":"nova:gen_model/2517"}},{"threshold":906.0,"model":{"type":"minecraft:model","model":"nova:gen_model/2518"}},{"threshold":907.0,"model":{"type":"minecraft:model","model":"nova:gen_model/2519"}},{"threshold":908.0,"model":{"type":"minecraft:model","model":"nova:gen_model/2520"}},{"threshold":909.0,"model":{"type":"minecraft:model","model":"nova:gen_model/2521"}},{"threshold":910.0,"model":{"type":"minecraft:model","model":"nova:gen_model/2522"}},{"threshold":911.0,"model":{"type":"minecraft:model","model":"nova:gen_model/2523"}},{"threshold":912.0,"model":{"type":"minecraft:model","model":"nova:gen_model/2524"}},{"threshold":913.0,"model":{"type":"minecraft:model","model":"nova:gen_model/2525"}},{"threshold":914.0,"model":{"type":"minecraft:model","model":"nova:gen_model/2526"}},{"threshold":915.0,"model":{"type":"minecraft:model","model":"nova:gen_model/2527"}},{"threshold":916.0,"model":{"type":"minecraft:model","model":"nova:gen_model/2528"}},{"threshold":917.0,"model":{"type":"minecraft:model","model":"nova:gen_model/2529"}},{"threshold":918.0,"model":{"type":"minecraft:model","model":"nova:gen_model/2530"}},{"threshold":919.0,"model":{"type":"minecraft:model","model":"nova:gen_model/2531"}},{"threshold":920.0,"model":{"type":"minecraft:model","model":"nova:gen_model/2532"}},{"threshold":921.0,"model":{"type":"minecraft:model","model":"nova:gen_model/2533"}},{"threshold":922.0,"model":{"type":"minecraft:model","model":"nova:gen_model/2534"}},{"threshold":923.0,"model":{"type":"minecraft:model","model":"nova:gen_model/2535"}},{"threshold":924.0,"model":{"type":"minecraft:model","model":"nova:gen_model/2536"}},{"threshold":925.0,"model":{"type":"minecraft:model","model":"nova:gen_model/2537"}},{"threshold":926.0,"model":{"type":"minecraft:model","model":"nova:gen_model/2538"}},{"threshold":927.0,"model":{"type":"minecraft:model","model":"nova:gen_model/2539"}},{"threshold":928.0,"model":{"type":"minecraft:model","model":"nova:gen_model/2540"}},{"threshold":929.0,"model":{"type":"minecraft:model","model":"nova:gen_model/2541"}},{"threshold":930.0,"model":{"type":"minecraft:model","model":"nova:gen_model/2542"}},{"threshold":931.0,"model":{"type":"minecraft:model","model":"nova:gen_model/2543"}},{"threshold":932.0,"model":{"type":"minecraft:model","model":"nova:gen_model/2544"}},{"threshold":933.0,"model":{"type":"minecraft:model","model":"nova:gen_model/2545"}},{"threshold":934.0,"model":{"type":"minecraft:model","model":"nova:gen_model/2546"}},{"threshold":935.0,"model":{"type":"minecraft:model","model":"nova:gen_model/2547"}},{"threshold":936.0,"model":{"type":"minecraft:model","model":"nova:gen_model/2548"}},{"threshold":937.0,"model":{"type":"minecraft:model","model":"nova:gen_model/2549"}},{"threshold":938.0,"model":{"type":"minecraft:model","model":"nova:gen_model/2550"}},{"threshold":939.0,"model":{"type":"minecraft:model","model":"nova:gen_model/2551"}},{"threshold":940.0,"model":{"type":"minecraft:model","model":"nova:gen_model/2552"}},{"threshold":941.0,"model":{"type":"minecraft:model","model":"nova:gen_model/2553"}},{"threshold":942.0,"model":{"type":"minecraft:model","model":"nova:gen_model/2554"}},{"threshold":943.0,"model":{"type":"minecraft:model","model":"nova:gen_model/2555"}},{"threshold":944.0,"model":{"type":"minecraft:model","model":"nova:gen_model/2556"}},{"threshold":945.0,"model":{"type":"minecraft:model","model":"nova:gen_model/2557"}},{"threshold":946.0,"model":{"type":"minecraft:model","model":"nova:gen_model/2558"}},{"threshold":947.0,"model":{"type":"minecraft:model","model":"nova:gen_model/2559"}},{"threshold":948.0,"model":{"type":"minecraft:model","model":"nova:gen_model/2560"}},{"threshold":949.0,"model":{"type":"minecraft:model","model":"nova:gen_model/2561"}},{"threshold":950.0,"model":{"type":"minecraft:model","model":"nova:gen_model/2562"}},{"threshold":951.0,"model":{"type":"minecraft:model","model":"nova:gen_model/2563"}},{"threshold":952.0,"model":{"type":"minecraft:model","model":"nova:gen_model/2564"}},{"threshold":953.0,"model":{"type":"minecraft:model","model":"nova:gen_model/2565"}},{"threshold":954.0,"model":{"type":"minecraft:model","model":"nova:gen_model/2566"}},{"threshold":955.0,"model":{"type":"minecraft:model","model":"nova:gen_model/2567"}},{"threshold":956.0,"model":{"type":"minecraft:model","model":"nova:gen_model/2568"}},{"threshold":957.0,"model":{"type":"minecraft:model","model":"nova:gen_model/2569"}},{"threshold":958.0,"model":{"type":"minecraft:model","model":"nova:gen_model/2570"}},{"threshold":959.0,"model":{"type":"minecraft:model","model":"nova:gen_model/2571"}},{"threshold":960.0,"model":{"type":"minecraft:model","model":"nova:gen_model/2572"}},{"threshold":961.0,"model":{"type":"minecraft:model","model":"nova:gen_model/2573"}},{"threshold":962.0,"model":{"type":"minecraft:model","model":"nova:gen_model/2574"}},{"threshold":963.0,"model":{"type":"minecraft:model","model":"nova:gen_model/2575"}},{"threshold":964.0,"model":{"type":"minecraft:model","model":"nova:gen_model/2576"}},{"threshold":965.0,"model":{"type":"minecraft:model","model":"nova:gen_model/2577"}},{"threshold":966.0,"model":{"type":"minecraft:model","model":"nova:gen_model/2578"}},{"threshold":967.0,"model":{"type":"minecraft:model","model":"nova:gen_model/2579"}},{"threshold":968.0,"model":{"type":"minecraft:model","model":"nova:gen_model/2580"}},{"threshold":969.0,"model":{"type":"minecraft:model","model":"nova:gen_model/2581"}},{"threshold":970.0,"model":{"type":"minecraft:model","model":"nova:gen_model/2582"}},{"threshold":971.0,"model":{"type":"minecraft:model","model":"nova:gen_model/2583"}},{"threshold":972.0,"model":{"type":"minecraft:model","model":"nova:gen_model/2584"}},{"threshold":973.0,"model":{"type":"minecraft:model","model":"nova:gen_model/2585"}},{"threshold":974.0,"model":{"type":"minecraft:model","model":"nova:gen_model/2586"}},{"threshold":975.0,"model":{"type":"minecraft:model","model":"nova:gen_model/2587"}},{"threshold":976.0,"model":{"type":"minecraft:model","model":"nova:gen_model/2588"}},{"threshold":977.0,"model":{"type":"minecraft:model","model":"nova:gen_model/2589"}},{"threshold":978.0,"model":{"type":"minecraft:model","model":"nova:gen_model/2590"}},{"threshold":979.0,"model":{"type":"minecraft:model","model":"nova:gen_model/2591"}},{"threshold":980.0,"model":{"type":"minecraft:model","model":"nova:gen_model/2592"}},{"threshold":981.0,"model":{"type":"minecraft:model","model":"nova:gen_model/2593"}},{"threshold":982.0,"model":{"type":"minecraft:model","model":"nova:gen_model/2594"}},{"threshold":983.0,"model":{"type":"minecraft:model","model":"nova:gen_model/2595"}},{"threshold":984.0,"model":{"type":"minecraft:model","model":"nova:gen_model/2596"}},{"threshold":985.0,"model":{"type":"minecraft:model","model":"nova:gen_model/2597"}},{"threshold":986.0,"model":{"type":"minecraft:model","model":"nova:gen_model/2598"}},{"threshold":987.0,"model":{"type":"minecraft:model","model":"nova:gen_model/2599"}},{"threshold":988.0,"model":{"type":"minecraft:model","model":"nova:gen_model/2600"}},{"threshold":989.0,"model":{"type":"minecraft:model","model":"nova:gen_model/2601"}},{"threshold":990.0,"model":{"type":"minecraft:model","model":"nova:gen_model/2602"}},{"threshold":991.0,"model":{"type":"minecraft:model","model":"nova:gen_model/2603"}},{"threshold":992.0,"model":{"type":"minecraft:model","model":"nova:gen_model/2604"}},{"threshold":993.0,"model":{"type":"minecraft:model","model":"nova:gen_model/2605"}},{"threshold":994.0,"model":{"type":"minecraft:model","model":"nova:gen_model/2606"}},{"threshold":995.0,"model":{"type":"minecraft:model","model":"nova:gen_model/2607"}},{"threshold":996.0,"model":{"type":"minecraft:model","model":"nova:gen_model/2608"}},{"threshold":997.0,"model":{"type":"minecraft:model","model":"nova:gen_model/2609"}},{"threshold":998.0,"model":{"type":"minecraft:model","model":"nova:gen_model/2610"}},{"threshold":999.0,"model":{"type":"minecraft:model","model":"nova:gen_model/2611"}}]}}