{"model":{"type":"minecraft:range_dispatch","property":"minecraft:custom_model_data","entries":[{"threshold":0.0,"model":{"type":"minecraft:model","model":"nova:gen_model/3015"}},{"threshold":0.0625,"model":{"type":"minecraft:model","model":"nova:gen_model/3016"}},{"threshold":0.125,"model":{"type":"minecraft:model","model":"nova:gen_model/3017"}},{"threshold":0.1875,"model":{"type":"minecraft:model","model":"nova:gen_model/3018"}},{"threshold":0.25,"model":{"type":"minecraft:model","model":"nova:gen_model/3019"}},{"threshold":0.3125,"model":{"type":"minecraft:model","model":"nova:gen_model/3020"}},{"threshold":0.375,"model":{"type":"minecraft:model","model":"nova:gen_model/3021"}},{"threshold":0.4375,"model":{"type":"minecraft:model","model":"nova:gen_model/3022"}},{"threshold":0.5,"model":{"type":"minecraft:model","model":"nova:gen_model/3023"}},{"threshold":0.5625,"model":{"type":"minecraft:model","model":"nova:gen_model/3024"}},{"threshold":0.625,"model":{"type":"minecraft:model","model":"nova:gen_model/3025"}},{"threshold":0.6875,"model":{"type":"minecraft:model","model":"nova:gen_model/3026"}},{"threshold":0.75,"model":{"type":"minecraft:model","model":"nova:gen_model/3027"}},{"threshold":0.8125,"model":{"type":"minecraft:model","model":"nova:gen_model/3028"}},{"threshold":0.875,"model":{"type":"minecraft:model","model":"nova:gen_model/3029"}},{"threshold":0.9375,"model":{"type":"minecraft:model","model":"nova:gen_model/3030"}},{"threshold":1.0,"model":{"type":"minecraft:model","model":"nova:gen_model/3031"}}]}}