{"model":{"type":"minecraft:range_dispatch","property":"minecraft:custom_model_data","entries":[{"threshold":0.0,"model":{"type":"minecraft:model","model":"nova:gen_model/1552"}},{"threshold":0.05555555555555555,"model":{"type":"minecraft:model","model":"nova:gen_model/1553"}},{"threshold":0.1111111111111111,"model":{"type":"minecraft:model","model":"nova:gen_model/1554"}},{"threshold":0.16666666666666666,"model":{"type":"minecraft:model","model":"nova:gen_model/1555"}},{"threshold":0.2222222222222222,"model":{"type":"minecraft:model","model":"nova:gen_model/1556"}},{"threshold":0.2777777777777778,"model":{"type":"minecraft:model","model":"nova:gen_model/1557"}},{"threshold":0.3333333333333333,"model":{"type":"minecraft:model","model":"nova:gen_model/1558"}},{"threshold":0.3888888888888889,"model":{"type":"minecraft:model","model":"nova:gen_model/1559"}},{"threshold":0.4444444444444444,"model":{"type":"minecraft:model","model":"nova:gen_model/1560"}},{"threshold":0.5,"model":{"type":"minecraft:model","model":"nova:gen_model/1561"}},{"threshold":0.5555555555555556,"model":{"type":"minecraft:model","model":"nova:gen_model/1562"}},{"threshold":0.6111111111111112,"model":{"type":"minecraft:model","model":"nova:gen_model/1563"}},{"threshold":0.6666666666666666,"model":{"type":"minecraft:model","model":"nova:gen_model/1564"}},{"threshold":0.7222222222222222,"model":{"type":"minecraft:model","model":"nova:gen_model/1565"}},{"threshold":0.7777777777777778,"model":{"type":"minecraft:model","model":"nova:gen_model/1566"}},{"threshold":0.8333333333333334,"model":{"type":"minecraft:model","model":"nova:gen_model/1567"}},{"threshold":0.8888888888888888,"model":{"type":"minecraft:model","model":"nova:gen_model/1568"}},{"threshold":0.9444444444444444,"model":{"type":"minecraft:model","model":"nova:gen_model/1569"}},{"threshold":1.0,"model":{"type":"minecraft:model","model":"nova:gen_model/1570"}}]}}