{"model":{"type":"minecraft:range_dispatch","property":"minecraft:custom_model_data","entries":[{"threshold":0.0,"model":{"type":"minecraft:model","model":"nova:gen_model/1590"}},{"threshold":0.05555555555555555,"model":{"type":"minecraft:model","model":"nova:gen_model/1591"}},{"threshold":0.1111111111111111,"model":{"type":"minecraft:model","model":"nova:gen_model/1592"}},{"threshold":0.16666666666666666,"model":{"type":"minecraft:model","model":"nova:gen_model/1593"}},{"threshold":0.2222222222222222,"model":{"type":"minecraft:model","model":"nova:gen_model/1594"}},{"threshold":0.2777777777777778,"model":{"type":"minecraft:model","model":"nova:gen_model/1595"}},{"threshold":0.3333333333333333,"model":{"type":"minecraft:model","model":"nova:gen_model/1596"}},{"threshold":0.3888888888888889,"model":{"type":"minecraft:model","model":"nova:gen_model/1597"}},{"threshold":0.4444444444444444,"model":{"type":"minecraft:model","model":"nova:gen_model/1598"}},{"threshold":0.5,"model":{"type":"minecraft:model","model":"nova:gen_model/1599"}},{"threshold":0.5555555555555556,"model":{"type":"minecraft:model","model":"nova:gen_model/1600"}},{"threshold":0.6111111111111112,"model":{"type":"minecraft:model","model":"nova:gen_model/1601"}},{"threshold":0.6666666666666666,"model":{"type":"minecraft:model","model":"nova:gen_model/1602"}},{"threshold":0.7222222222222222,"model":{"type":"minecraft:model","model":"nova:gen_model/1603"}},{"threshold":0.7777777777777778,"model":{"type":"minecraft:model","model":"nova:gen_model/1604"}},{"threshold":0.8333333333333334,"model":{"type":"minecraft:model","model":"nova:gen_model/1605"}},{"threshold":0.8888888888888888,"model":{"type":"minecraft:model","model":"nova:gen_model/1606"}},{"threshold":0.9444444444444444,"model":{"type":"minecraft:model","model":"nova:gen_model/1607"}},{"threshold":1.0,"model":{"type":"minecraft:model","model":"nova:gen_model/1608"}}]}}