{"model":{"type":"minecraft:range_dispatch","property":"minecraft:custom_model_data","entries":[{"threshold":0.0,"model":{"type":"minecraft:model","model":"nova:gen_model/1571"}},{"threshold":0.05555555555555555,"model":{"type":"minecraft:model","model":"nova:gen_model/1572"}},{"threshold":0.1111111111111111,"model":{"type":"minecraft:model","model":"nova:gen_model/1573"}},{"threshold":0.16666666666666666,"model":{"type":"minecraft:model","model":"nova:gen_model/1574"}},{"threshold":0.2222222222222222,"model":{"type":"minecraft:model","model":"nova:gen_model/1575"}},{"threshold":0.2777777777777778,"model":{"type":"minecraft:model","model":"nova:gen_model/1576"}},{"threshold":0.3333333333333333,"model":{"type":"minecraft:model","model":"nova:gen_model/1577"}},{"threshold":0.3888888888888889,"model":{"type":"minecraft:model","model":"nova:gen_model/1578"}},{"threshold":0.4444444444444444,"model":{"type":"minecraft:model","model":"nova:gen_model/1579"}},{"threshold":0.5,"model":{"type":"minecraft:model","model":"nova:gen_model/1580"}},{"threshold":0.5555555555555556,"model":{"type":"minecraft:model","model":"nova:gen_model/1581"}},{"threshold":0.6111111111111112,"model":{"type":"minecraft:model","model":"nova:gen_model/1582"}},{"threshold":0.6666666666666666,"model":{"type":"minecraft:model","model":"nova:gen_model/1583"}},{"threshold":0.7222222222222222,"model":{"type":"minecraft:model","model":"nova:gen_model/1584"}},{"threshold":0.7777777777777778,"model":{"type":"minecraft:model","model":"nova:gen_model/1585"}},{"threshold":0.8333333333333334,"model":{"type":"minecraft:model","model":"nova:gen_model/1586"}},{"threshold":0.8888888888888888,"model":{"type":"minecraft:model","model":"nova:gen_model/1587"}},{"threshold":0.9444444444444444,"model":{"type":"minecraft:model","model":"nova:gen_model/1588"}},{"threshold":1.0,"model":{"type":"minecraft:model","model":"nova:gen_model/1589"}}]}}