{"model":{"type":"minecraft:select","property":"minecraft:display_context","cases":[{"when":"gui","model":{"type":"minecraft:composite","models":[{"type":"minecraft:model","model":"nova:gen_model/1148","tints":[{"type":"minecraft:custom_model_data","default":-1}]},{"type":"minecraft:model","model":"nova:gen_model/1149","tints":[{"type":"minecraft:custom_model_data","default":-1,"index":1}]},{"type":"minecraft:model","model":"nova:gen_model/1150","tints":[{"type":"minecraft:custom_model_data","default":-1,"index":2}]},{"type":"minecraft:model","model":"nova:gen_model/1151","tints":[{"type":"minecraft:custom_model_data","default":-1,"index":3}]},{"type":"minecraft:model","model":"nova:gen_model/1152","tints":[{"type":"minecraft:custom_model_data","default":-1,"index":4}]},{"type":"minecraft:model","model":"nova:gen_model/1153","tints":[{"type":"minecraft:custom_model_data","default":-1,"index":5}]},{"type":"minecraft:model","model":"nova:gen_model/1154","tints":[{"type":"minecraft:custom_model_data","default":-1,"index":6}]},{"type":"minecraft:model","model":"nova:gen_model/1155","tints":[{"type":"minecraft:custom_model_data","default":-1,"index":7}]},{"type":"minecraft:model","model":"nova:gen_model/1156","tints":[{"type":"minecraft:custom_model_data","default":-1,"index":8}]},{"type":"minecraft:model","model":"nova:gen_model/1157","tints":[{"type":"minecraft:custom_model_data","default":-1,"index":9}]},{"type":"minecraft:model","model":"nova:gen_model/1158","tints":[{"type":"minecraft:custom_model_data","default":-1,"index":10}]},{"type":"minecraft:model","model":"nova:gen_model/1159","tints":[{"type":"minecraft:custom_model_data","default":-1,"index":11}]},{"type":"minecraft:model","model":"nova:gen_model/1160","tints":[{"type":"minecraft:custom_model_data","default":-1,"index":12}]},{"type":"minecraft:model","model":"nova:gen_model/1161","tints":[{"type":"minecraft:custom_model_data","default":-1,"index":13}]},{"type":"minecraft:model","model":"nova:gen_model/1162","tints":[{"type":"minecraft:custom_model_data","default":-1,"index":14}]},{"type":"minecraft:model","model":"nova:gen_model/1163","tints":[{"type":"minecraft:custom_model_data","default":-1,"index":15}]},{"type":"minecraft:model","model":"nova:gen_model/1164","tints":[{"type":"minecraft:custom_model_data","default":-1,"index":16}]},{"type":"minecraft:model","model":"nova:gen_model/1165","tints":[{"type":"minecraft:custom_model_data","default":-1,"index":17}]},{"type":"minecraft:model","model":"nova:gen_model/1166","tints":[{"type":"minecraft:custom_model_data","default":-1,"index":18}]},{"type":"minecraft:model","model":"nova:gen_model/1167","tints":[{"type":"minecraft:custom_model_data","default":-1,"index":19}]},{"type":"minecraft:model","model":"nova:gen_model/1168","tints":[{"type":"minecraft:custom_model_data","default":-1,"index":20}]},{"type":"minecraft:model","model":"nova:gen_model/1169","tints":[{"type":"minecraft:custom_model_data","default":-1,"index":21}]},{"type":"minecraft:model","model":"nova:gen_model/1170","tints":[{"type":"minecraft:custom_model_data","default":-1,"index":22}]},{"type":"minecraft:model","model":"nova:gen_model/1171","tints":[{"type":"minecraft:custom_model_data","default":-1,"index":23}]},{"type":"minecraft:model","model":"nova:gen_model/1172","tints":[{"type":"minecraft:custom_model_data","default":-1,"index":24}]},{"type":"minecraft:model","model":"nova:gen_model/1173","tints":[{"type":"minecraft:custom_model_data","default":-1,"index":25}]},{"type":"minecraft:model","model":"nova:gen_model/1174","tints":[{"type":"minecraft:custom_model_data","default":-1,"index":26}]},{"type":"minecraft:model","model":"nova:gen_model/1175","tints":[{"type":"minecraft:custom_model_data","default":-1,"index":27}]},{"type":"minecraft:model","model":"nova:gen_model/1176","tints":[{"type":"minecraft:custom_model_data","default":-1,"index":28}]},{"type":"minecraft:model","model":"nova:gen_model/1177","tints":[{"type":"minecraft:custom_model_data","default":-1,"index":29}]},{"type":"minecraft:model","model":"nova:gen_model/1178","tints":[{"type":"minecraft:custom_model_data","default":-1,"index":30}]},{"type":"minecraft:model","model":"nova:gen_model/1179","tints":[{"type":"minecraft:custom_model_data","default":-1,"index":31}]},{"type":"minecraft:model","model":"nova:gen_model/1180","tints":[{"type":"minecraft:custom_model_data","default":-1,"index":32}]},{"type":"minecraft:model","model":"nova:gen_model/1181","tints":[{"type":"minecraft:custom_model_data","default":-1,"index":33}]},{"type":"minecraft:model","model":"nova:gen_model/1182","tints":[{"type":"minecraft:custom_model_data","default":-1,"index":34}]},{"type":"minecraft:model","model":"nova:gen_model/1183","tints":[{"type":"minecraft:custom_model_data","default":-1,"index":35}]},{"type":"minecraft:model","model":"nova:gen_model/1184","tints":[{"type":"minecraft:custom_model_data","default":-1,"index":36}]},{"type":"minecraft:model","model":"nova:gen_model/1185","tints":[{"type":"minecraft:custom_model_data","default":-1,"index":37}]},{"type":"minecraft:model","model":"nova:gen_model/1186","tints":[{"type":"minecraft:custom_model_data","default":-1,"index":38}]},{"type":"minecraft:model","model":"nova:gen_model/1187","tints":[{"type":"minecraft:custom_model_data","default":-1,"index":39}]},{"type":"minecraft:model","model":"nova:gen_model/1188","tints":[{"type":"minecraft:custom_model_data","default":-1,"index":40}]},{"type":"minecraft:model","model":"nova:gen_model/1189","tints":[{"type":"minecraft:custom_model_data","default":-1,"index":41}]},{"type":"minecraft:model","model":"nova:gen_model/1190","tints":[{"type":"minecraft:custom_model_data","default":-1,"index":42}]},{"type":"minecraft:model","model":"nova:gen_model/1191","tints":[{"type":"minecraft:custom_model_data","default":-1,"index":43}]},{"type":"minecraft:model","model":"nova:gen_model/1192","tints":[{"type":"minecraft:custom_model_data","default":-1,"index":44}]},{"type":"minecraft:model","model":"nova:gen_model/1193","tints":[{"type":"minecraft:custom_model_data","default":-1,"index":45}]},{"type":"minecraft:model","model":"nova:gen_model/1194","tints":[{"type":"minecraft:custom_model_data","default":-1,"index":46}]},{"type":"minecraft:model","model":"nova:gen_model/1195","tints":[{"type":"minecraft:custom_model_data","default":-1,"index":47}]},{"type":"minecraft:model","model":"nova:gen_model/1196","tints":[{"type":"minecraft:custom_model_data","default":-1,"index":48}]},{"type":"minecraft:model","model":"nova:gen_model/1197","tints":[{"type":"minecraft:custom_model_data","default":-1,"index":49}]},{"type":"minecraft:model","model":"nova:gen_model/1198","tints":[{"type":"minecraft:custom_model_data","default":-1,"index":50}]},{"type":"minecraft:model","model":"nova:gen_model/1199","tints":[{"type":"minecraft:custom_model_data","default":-1,"index":51}]},{"type":"minecraft:model","model":"nova:gen_model/1200","tints":[{"type":"minecraft:custom_model_data","default":-1,"index":52}]},{"type":"minecraft:model","model":"nova:gen_model/1201","tints":[{"type":"minecraft:custom_model_data","default":-1,"index":53}]},{"type":"minecraft:model","model":"nova:gen_model/1202","tints":[{"type":"minecraft:custom_model_data","default":-1,"index":54}]},{"type":"minecraft:model","model":"nova:gen_model/1203","tints":[{"type":"minecraft:custom_model_data","default":-1,"index":55}]},{"type":"minecraft:model","model":"nova:gen_model/1204","tints":[{"type":"minecraft:custom_model_data","default":-1,"index":56}]},{"type":"minecraft:model","model":"nova:gen_model/1205","tints":[{"type":"minecraft:custom_model_data","default":-1,"index":57}]},{"type":"minecraft:model","model":"nova:gen_model/1206","tints":[{"type":"minecraft:custom_model_data","default":-1,"index":58}]},{"type":"minecraft:model","model":"nova:gen_model/1207","tints":[{"type":"minecraft:custom_model_data","default":-1,"index":59}]},{"type":"minecraft:model","model":"nova:gen_model/1208","tints":[{"type":"minecraft:custom_model_data","default":-1,"index":60}]},{"type":"minecraft:model","model":"nova:gen_model/1209","tints":[{"type":"minecraft:custom_model_data","default":-1,"index":61}]},{"type":"minecraft:model","model":"nova:gen_model/1210","tints":[{"type":"minecraft:custom_model_data","default":-1,"index":62}]},{"type":"minecraft:model","model":"nova:gen_model/1211","tints":[{"type":"minecraft:custom_model_data","default":-1,"index":63}]},{"type":"minecraft:model","model":"nova:gen_model/1212","tints":[{"type":"minecraft:custom_model_data","default":-1,"index":64}]},{"type":"minecraft:model","model":"nova:gen_model/1213","tints":[{"type":"minecraft:custom_model_data","default":-1,"index":65}]},{"type":"minecraft:model","model":"nova:gen_model/1214","tints":[{"type":"minecraft:custom_model_data","default":-1,"index":66}]},{"type":"minecraft:model","model":"nova:gen_model/1215","tints":[{"type":"minecraft:custom_model_data","default":-1,"index":67}]},{"type":"minecraft:model","model":"nova:gen_model/1216","tints":[{"type":"minecraft:custom_model_data","default":-1,"index":68}]},{"type":"minecraft:model","model":"nova:gen_model/1217","tints":[{"type":"minecraft:custom_model_data","default":-1,"index":69}]},{"type":"minecraft:model","model":"nova:gen_model/1218","tints":[{"type":"minecraft:custom_model_data","default":-1,"index":70}]},{"type":"minecraft:model","model":"nova:gen_model/1219","tints":[{"type":"minecraft:custom_model_data","default":-1,"index":71}]},{"type":"minecraft:model","model":"nova:gen_model/1220","tints":[{"type":"minecraft:custom_model_data","default":-1,"index":72}]},{"type":"minecraft:model","model":"nova:gen_model/1221","tints":[{"type":"minecraft:custom_model_data","default":-1,"index":73}]},{"type":"minecraft:model","model":"nova:gen_model/1222","tints":[{"type":"minecraft:custom_model_data","default":-1,"index":74}]},{"type":"minecraft:model","model":"nova:gen_model/1223","tints":[{"type":"minecraft:custom_model_data","default":-1,"index":75}]},{"type":"minecraft:model","model":"nova:gen_model/1224","tints":[{"type":"minecraft:custom_model_data","default":-1,"index":76}]},{"type":"minecraft:model","model":"nova:gen_model/1225","tints":[{"type":"minecraft:custom_model_data","default":-1,"index":77}]},{"type":"minecraft:model","model":"nova:gen_model/1226","tints":[{"type":"minecraft:custom_model_data","default":-1,"index":78}]},{"type":"minecraft:model","model":"nova:gen_model/1227","tints":[{"type":"minecraft:custom_model_data","default":-1,"index":79}]},{"type":"minecraft:model","model":"nova:gen_model/1228","tints":[{"type":"minecraft:custom_model_data","default":-1,"index":80}]},{"type":"minecraft:model","model":"nova:gen_model/1229","tints":[{"type":"minecraft:custom_model_data","default":-1,"index":81}]},{"type":"minecraft:model","model":"nova:gen_model/1230","tints":[{"type":"minecraft:custom_model_data","default":-1,"index":82}]},{"type":"minecraft:model","model":"nova:gen_model/1231","tints":[{"type":"minecraft:custom_model_data","default":-1,"index":83}]},{"type":"minecraft:model","model":"nova:gen_model/1232","tints":[{"type":"minecraft:custom_model_data","default":-1,"index":84}]},{"type":"minecraft:model","model":"nova:gen_model/1233","tints":[{"type":"minecraft:custom_model_data","default":-1,"index":85}]},{"type":"minecraft:model","model":"nova:gen_model/1234","tints":[{"type":"minecraft:custom_model_data","default":-1,"index":86}]},{"type":"minecraft:model","model":"nova:gen_model/1235","tints":[{"type":"minecraft:custom_model_data","default":-1,"index":87}]},{"type":"minecraft:model","model":"nova:gen_model/1236","tints":[{"type":"minecraft:custom_model_data","default":-1,"index":88}]},{"type":"minecraft:model","model":"nova:gen_model/1237","tints":[{"type":"minecraft:custom_model_data","default":-1,"index":89}]},{"type":"minecraft:model","model":"nova:gen_model/1238","tints":[{"type":"minecraft:custom_model_data","default":-1,"index":90}]},{"type":"minecraft:model","model":"nova:gen_model/1239","tints":[{"type":"minecraft:custom_model_data","default":-1,"index":91}]},{"type":"minecraft:model","model":"nova:gen_model/1240","tints":[{"type":"minecraft:custom_model_data","default":-1,"index":92}]},{"type":"minecraft:model","model":"nova:gen_model/1241","tints":[{"type":"minecraft:custom_model_data","default":-1,"index":93}]},{"type":"minecraft:model","model":"nova:gen_model/1242","tints":[{"type":"minecraft:custom_model_data","default":-1,"index":94}]},{"type":"minecraft:model","model":"nova:gen_model/1243","tints":[{"type":"minecraft:custom_model_data","default":-1,"index":95}]},{"type":"minecraft:model","model":"nova:gen_model/1244","tints":[{"type":"minecraft:custom_model_data","default":-1,"index":96}]},{"type":"minecraft:model","model":"nova:gen_model/1245","tints":[{"type":"minecraft:custom_model_data","default":-1,"index":97}]},{"type":"minecraft:model","model":"nova:gen_model/1246","tints":[{"type":"minecraft:custom_model_data","default":-1,"index":98}]},{"type":"minecraft:model","model":"nova:gen_model/1247","tints":[{"type":"minecraft:custom_model_data","default":-1,"index":99}]},{"type":"minecraft:model","model":"nova:gen_model/1248","tints":[{"type":"minecraft:custom_model_data","default":-1,"index":100}]},{"type":"minecraft:model","model":"nova:gen_model/1249","tints":[{"type":"minecraft:custom_model_data","default":-1,"index":101}]},{"type":"minecraft:model","model":"nova:gen_model/1250","tints":[{"type":"minecraft:custom_model_data","default":-1,"index":102}]},{"type":"minecraft:model","model":"nova:gen_model/1251","tints":[{"type":"minecraft:custom_model_data","default":-1,"index":103}]},{"type":"minecraft:model","model":"nova:gen_model/1252","tints":[{"type":"minecraft:custom_model_data","default":-1,"index":104}]},{"type":"minecraft:model","model":"nova:gen_model/1253","tints":[{"type":"minecraft:custom_model_data","default":-1,"index":105}]},{"type":"minecraft:model","model":"nova:gen_model/1254","tints":[{"type":"minecraft:custom_model_data","default":-1,"index":106}]},{"type":"minecraft:model","model":"nova:gen_model/1255","tints":[{"type":"minecraft:custom_model_data","default":-1,"index":107}]},{"type":"minecraft:model","model":"nova:gen_model/1256","tints":[{"type":"minecraft:custom_model_data","default":-1,"index":108}]},{"type":"minecraft:model","model":"nova:gen_model/1257","tints":[{"type":"minecraft:custom_model_data","default":-1,"index":109}]},{"type":"minecraft:model","model":"nova:gen_model/1258","tints":[{"type":"minecraft:custom_model_data","default":-1,"index":110}]},{"type":"minecraft:model","model":"nova:gen_model/1259","tints":[{"type":"minecraft:custom_model_data","default":-1,"index":111}]},{"type":"minecraft:model","model":"nova:gen_model/1260","tints":[{"type":"minecraft:custom_model_data","default":-1,"index":112}]},{"type":"minecraft:model","model":"nova:gen_model/1261","tints":[{"type":"minecraft:custom_model_data","default":-1,"index":113}]},{"type":"minecraft:model","model":"nova:gen_model/1262","tints":[{"type":"minecraft:custom_model_data","default":-1,"index":114}]},{"type":"minecraft:model","model":"nova:gen_model/1263","tints":[{"type":"minecraft:custom_model_data","default":-1,"index":115}]},{"type":"minecraft:model","model":"nova:gen_model/1264","tints":[{"type":"minecraft:custom_model_data","default":-1,"index":116}]},{"type":"minecraft:model","model":"nova:gen_model/1265","tints":[{"type":"minecraft:custom_model_data","default":-1,"index":117}]},{"type":"minecraft:model","model":"nova:gen_model/1266","tints":[{"type":"minecraft:custom_model_data","default":-1,"index":118}]},{"type":"minecraft:model","model":"nova:gen_model/1267","tints":[{"type":"minecraft:custom_model_data","default":-1,"index":119}]},{"type":"minecraft:model","model":"nova:gen_model/1268","tints":[{"type":"minecraft:custom_model_data","default":-1,"index":120}]},{"type":"minecraft:model","model":"nova:gen_model/1269","tints":[{"type":"minecraft:custom_model_data","default":-1,"index":121}]},{"type":"minecraft:model","model":"nova:gen_model/1270","tints":[{"type":"minecraft:custom_model_data","default":-1,"index":122}]},{"type":"minecraft:model","model":"nova:gen_model/1271","tints":[{"type":"minecraft:custom_model_data","default":-1,"index":123}]},{"type":"minecraft:model","model":"nova:gen_model/1272","tints":[{"type":"minecraft:custom_model_data","default":-1,"index":124}]},{"type":"minecraft:model","model":"nova:gen_model/1273","tints":[{"type":"minecraft:custom_model_data","default":-1,"index":125}]},{"type":"minecraft:model","model":"nova:gen_model/1274","tints":[{"type":"minecraft:custom_model_data","default":-1,"index":126}]},{"type":"minecraft:model","model":"nova:gen_model/1275","tints":[{"type":"minecraft:custom_model_data","default":-1,"index":127}]},{"type":"minecraft:model","model":"nova:gen_model/1276","tints":[{"type":"minecraft:custom_model_data","default":-1,"index":128}]},{"type":"minecraft:model","model":"nova:gen_model/1277","tints":[{"type":"minecraft:custom_model_data","default":-1,"index":129}]},{"type":"minecraft:model","model":"nova:gen_model/1278","tints":[{"type":"minecraft:custom_model_data","default":-1,"index":130}]},{"type":"minecraft:model","model":"nova:gen_model/1279","tints":[{"type":"minecraft:custom_model_data","default":-1,"index":131}]},{"type":"minecraft:model","model":"nova:gen_model/1280","tints":[{"type":"minecraft:custom_model_data","default":-1,"index":132}]},{"type":"minecraft:model","model":"nova:gen_model/1281","tints":[{"type":"minecraft:custom_model_data","default":-1,"index":133}]},{"type":"minecraft:model","model":"nova:gen_model/1282","tints":[{"type":"minecraft:custom_model_data","default":-1,"index":134}]},{"type":"minecraft:model","model":"nova:gen_model/1283","tints":[{"type":"minecraft:custom_model_data","default":-1,"index":135}]},{"type":"minecraft:model","model":"nova:gen_model/1284","tints":[{"type":"minecraft:custom_model_data","default":-1,"index":136}]},{"type":"minecraft:model","model":"nova:gen_model/1285","tints":[{"type":"minecraft:custom_model_data","default":-1,"index":137}]},{"type":"minecraft:model","model":"nova:gen_model/1286","tints":[{"type":"minecraft:custom_model_data","default":-1,"index":138}]},{"type":"minecraft:model","model":"nova:gen_model/1287","tints":[{"type":"minecraft:custom_model_data","default":-1,"index":139}]},{"type":"minecraft:model","model":"nova:gen_model/1288","tints":[{"type":"minecraft:custom_model_data","default":-1,"index":140}]},{"type":"minecraft:model","model":"nova:gen_model/1289","tints":[{"type":"minecraft:custom_model_data","default":-1,"index":141}]},{"type":"minecraft:model","model":"nova:gen_model/1290","tints":[{"type":"minecraft:custom_model_data","default":-1,"index":142}]},{"type":"minecraft:model","model":"nova:gen_model/1291","tints":[{"type":"minecraft:custom_model_data","default":-1,"index":143}]},{"type":"minecraft:model","model":"nova:gen_model/1292","tints":[{"type":"minecraft:custom_model_data","default":-1,"index":144}]},{"type":"minecraft:model","model":"nova:gen_model/1293","tints":[{"type":"minecraft:custom_model_data","default":-1,"index":145}]},{"type":"minecraft:model","model":"nova:gen_model/1294","tints":[{"type":"minecraft:custom_model_data","default":-1,"index":146}]},{"type":"minecraft:model","model":"nova:gen_model/1295","tints":[{"type":"minecraft:custom_model_data","default":-1,"index":147}]},{"type":"minecraft:model","model":"nova:gen_model/1296","tints":[{"type":"minecraft:custom_model_data","default":-1,"index":148}]},{"type":"minecraft:model","model":"nova:gen_model/1297","tints":[{"type":"minecraft:custom_model_data","default":-1,"index":149}]},{"type":"minecraft:model","model":"nova:gen_model/1298","tints":[{"type":"minecraft:custom_model_data","default":-1,"index":150}]},{"type":"minecraft:model","model":"nova:gen_model/1299","tints":[{"type":"minecraft:custom_model_data","default":-1,"index":151}]},{"type":"minecraft:model","model":"nova:gen_model/1300","tints":[{"type":"minecraft:custom_model_data","default":-1,"index":152}]},{"type":"minecraft:model","model":"nova:gen_model/1301","tints":[{"type":"minecraft:custom_model_data","default":-1,"index":153}]},{"type":"minecraft:model","model":"nova:gen_model/1302","tints":[{"type":"minecraft:custom_model_data","default":-1,"index":154}]},{"type":"minecraft:model","model":"nova:gen_model/1303","tints":[{"type":"minecraft:custom_model_data","default":-1,"index":155}]},{"type":"minecraft:model","model":"nova:gen_model/1304","tints":[{"type":"minecraft:custom_model_data","default":-1,"index":156}]},{"type":"minecraft:model","model":"nova:gen_model/1305","tints":[{"type":"minecraft:custom_model_data","default":-1,"index":157}]},{"type":"minecraft:model","model":"nova:gen_model/1306","tints":[{"type":"minecraft:custom_model_data","default":-1,"index":158}]},{"type":"minecraft:model","model":"nova:gen_model/1307","tints":[{"type":"minecraft:custom_model_data","default":-1,"index":159}]},{"type":"minecraft:model","model":"nova:gen_model/1308","tints":[{"type":"minecraft:custom_model_data","default":-1,"index":160}]},{"type":"minecraft:model","model":"nova:gen_model/1309","tints":[{"type":"minecraft:custom_model_data","default":-1,"index":161}]},{"type":"minecraft:model","model":"nova:gen_model/1310","tints":[{"type":"minecraft:custom_model_data","default":-1,"index":162}]},{"type":"minecraft:model","model":"nova:gen_model/1311","tints":[{"type":"minecraft:custom_model_data","default":-1,"index":163}]},{"type":"minecraft:model","model":"nova:gen_model/1312","tints":[{"type":"minecraft:custom_model_data","default":-1,"index":164}]},{"type":"minecraft:model","model":"nova:gen_model/1313","tints":[{"type":"minecraft:custom_model_data","default":-1,"index":165}]},{"type":"minecraft:model","model":"nova:gen_model/1314","tints":[{"type":"minecraft:custom_model_data","default":-1,"index":166}]},{"type":"minecraft:model","model":"nova:gen_model/1315","tints":[{"type":"minecraft:custom_model_data","default":-1,"index":167}]},{"type":"minecraft:model","model":"nova:gen_model/1316","tints":[{"type":"minecraft:custom_model_data","default":-1,"index":168}]},{"type":"minecraft:model","model":"nova:gen_model/1317","tints":[{"type":"minecraft:custom_model_data","default":-1,"index":169}]},{"type":"minecraft:model","model":"nova:gen_model/1318","tints":[{"type":"minecraft:custom_model_data","default":-1,"index":170}]},{"type":"minecraft:model","model":"nova:gen_model/1319","tints":[{"type":"minecraft:custom_model_data","default":-1,"index":171}]},{"type":"minecraft:model","model":"nova:gen_model/1320","tints":[{"type":"minecraft:custom_model_data","default":-1,"index":172}]},{"type":"minecraft:model","model":"nova:gen_model/1321","tints":[{"type":"minecraft:custom_model_data","default":-1,"index":173}]},{"type":"minecraft:model","model":"nova:gen_model/1322","tints":[{"type":"minecraft:custom_model_data","default":-1,"index":174}]},{"type":"minecraft:model","model":"nova:gen_model/1323","tints":[{"type":"minecraft:custom_model_data","default":-1,"index":175}]},{"type":"minecraft:model","model":"nova:gen_model/1324","tints":[{"type":"minecraft:custom_model_data","default":-1,"index":176}]},{"type":"minecraft:model","model":"nova:gen_model/1325","tints":[{"type":"minecraft:custom_model_data","default":-1,"index":177}]},{"type":"minecraft:model","model":"nova:gen_model/1326","tints":[{"type":"minecraft:custom_model_data","default":-1,"index":178}]},{"type":"minecraft:model","model":"nova:gen_model/1327","tints":[{"type":"minecraft:custom_model_data","default":-1,"index":179}]},{"type":"minecraft:model","model":"nova:gen_model/1328","tints":[{"type":"minecraft:custom_model_data","default":-1,"index":180}]},{"type":"minecraft:model","model":"nova:gen_model/1329","tints":[{"type":"minecraft:custom_model_data","default":-1,"index":181}]},{"type":"minecraft:model","model":"nova:gen_model/1330","tints":[{"type":"minecraft:custom_model_data","default":-1,"index":182}]},{"type":"minecraft:model","model":"nova:gen_model/1331","tints":[{"type":"minecraft:custom_model_data","default":-1,"index":183}]},{"type":"minecraft:model","model":"nova:gen_model/1332","tints":[{"type":"minecraft:custom_model_data","default":-1,"index":184}]},{"type":"minecraft:model","model":"nova:gen_model/1333","tints":[{"type":"minecraft:custom_model_data","default":-1,"index":185}]},{"type":"minecraft:model","model":"nova:gen_model/1334","tints":[{"type":"minecraft:custom_model_data","default":-1,"index":186}]},{"type":"minecraft:model","model":"nova:gen_model/1335","tints":[{"type":"minecraft:custom_model_data","default":-1,"index":187}]},{"type":"minecraft:model","model":"nova:gen_model/1336","tints":[{"type":"minecraft:custom_model_data","default":-1,"index":188}]},{"type":"minecraft:model","model":"nova:gen_model/1337","tints":[{"type":"minecraft:custom_model_data","default":-1,"index":189}]},{"type":"minecraft:model","model":"nova:gen_model/1338","tints":[{"type":"minecraft:custom_model_data","default":-1,"index":190}]},{"type":"minecraft:model","model":"nova:gen_model/1339","tints":[{"type":"minecraft:custom_model_data","default":-1,"index":191}]},{"type":"minecraft:model","model":"nova:gen_model/1340","tints":[{"type":"minecraft:custom_model_data","default":-1,"index":192}]},{"type":"minecraft:model","model":"nova:gen_model/1341","tints":[{"type":"minecraft:custom_model_data","default":-1,"index":193}]},{"type":"minecraft:model","model":"nova:gen_model/1342","tints":[{"type":"minecraft:custom_model_data","default":-1,"index":194}]},{"type":"minecraft:model","model":"nova:gen_model/1343","tints":[{"type":"minecraft:custom_model_data","default":-1,"index":195}]},{"type":"minecraft:model","model":"nova:gen_model/1344","tints":[{"type":"minecraft:custom_model_data","default":-1,"index":196}]},{"type":"minecraft:model","model":"nova:gen_model/1345","tints":[{"type":"minecraft:custom_model_data","default":-1,"index":197}]},{"type":"minecraft:model","model":"nova:gen_model/1346","tints":[{"type":"minecraft:custom_model_data","default":-1,"index":198}]},{"type":"minecraft:model","model":"nova:gen_model/1347","tints":[{"type":"minecraft:custom_model_data","default":-1,"index":199}]},{"type":"minecraft:model","model":"nova:gen_model/1348","tints":[{"type":"minecraft:custom_model_data","default":-1,"index":200}]},{"type":"minecraft:model","model":"nova:gen_model/1349","tints":[{"type":"minecraft:custom_model_data","default":-1,"index":201}]},{"type":"minecraft:model","model":"nova:gen_model/1350","tints":[{"type":"minecraft:custom_model_data","default":-1,"index":202}]},{"type":"minecraft:model","model":"nova:gen_model/1351","tints":[{"type":"minecraft:custom_model_data","default":-1,"index":203}]},{"type":"minecraft:model","model":"nova:gen_model/1352","tints":[{"type":"minecraft:custom_model_data","default":-1,"index":204}]},{"type":"minecraft:model","model":"nova:gen_model/1353","tints":[{"type":"minecraft:custom_model_data","default":-1,"index":205}]},{"type":"minecraft:model","model":"nova:gen_model/1354","tints":[{"type":"minecraft:custom_model_data","default":-1,"index":206}]},{"type":"minecraft:model","model":"nova:gen_model/1355","tints":[{"type":"minecraft:custom_model_data","default":-1,"index":207}]},{"type":"minecraft:model","model":"nova:gen_model/1356","tints":[{"type":"minecraft:custom_model_data","default":-1,"index":208}]},{"type":"minecraft:model","model":"nova:gen_model/1357","tints":[{"type":"minecraft:custom_model_data","default":-1,"index":209}]},{"type":"minecraft:model","model":"nova:gen_model/1358","tints":[{"type":"minecraft:custom_model_data","default":-1,"index":210}]},{"type":"minecraft:model","model":"nova:gen_model/1359","tints":[{"type":"minecraft:custom_model_data","default":-1,"index":211}]},{"type":"minecraft:model","model":"nova:gen_model/1360","tints":[{"type":"minecraft:custom_model_data","default":-1,"index":212}]},{"type":"minecraft:model","model":"nova:gen_model/1361","tints":[{"type":"minecraft:custom_model_data","default":-1,"index":213}]},{"type":"minecraft:model","model":"nova:gen_model/1362","tints":[{"type":"minecraft:custom_model_data","default":-1,"index":214}]},{"type":"minecraft:model","model":"nova:gen_model/1363","tints":[{"type":"minecraft:custom_model_data","default":-1,"index":215}]},{"type":"minecraft:model","model":"nova:gen_model/1364","tints":[{"type":"minecraft:custom_model_data","default":-1,"index":216}]},{"type":"minecraft:model","model":"nova:gen_model/1365","tints":[{"type":"minecraft:custom_model_data","default":-1,"index":217}]},{"type":"minecraft:model","model":"nova:gen_model/1366","tints":[{"type":"minecraft:custom_model_data","default":-1,"index":218}]},{"type":"minecraft:model","model":"nova:gen_model/1367","tints":[{"type":"minecraft:custom_model_data","default":-1,"index":219}]},{"type":"minecraft:model","model":"nova:gen_model/1368","tints":[{"type":"minecraft:custom_model_data","default":-1,"index":220}]},{"type":"minecraft:model","model":"nova:gen_model/1369","tints":[{"type":"minecraft:custom_model_data","default":-1,"index":221}]},{"type":"minecraft:model","model":"nova:gen_model/1370","tints":[{"type":"minecraft:custom_model_data","default":-1,"index":222}]},{"type":"minecraft:model","model":"nova:gen_model/1371","tints":[{"type":"minecraft:custom_model_data","default":-1,"index":223}]},{"type":"minecraft:model","model":"nova:gen_model/1372","tints":[{"type":"minecraft:custom_model_data","default":-1,"index":224}]},{"type":"minecraft:model","model":"nova:gen_model/1373","tints":[{"type":"minecraft:custom_model_data","default":-1,"index":225}]},{"type":"minecraft:model","model":"nova:gen_model/1374","tints":[{"type":"minecraft:custom_model_data","default":-1,"index":226}]},{"type":"minecraft:model","model":"nova:gen_model/1375","tints":[{"type":"minecraft:custom_model_data","default":-1,"index":227}]},{"type":"minecraft:model","model":"nova:gen_model/1376","tints":[{"type":"minecraft:custom_model_data","default":-1,"index":228}]},{"type":"minecraft:model","model":"nova:gen_model/1377","tints":[{"type":"minecraft:custom_model_data","default":-1,"index":229}]},{"type":"minecraft:model","model":"nova:gen_model/1378","tints":[{"type":"minecraft:custom_model_data","default":-1,"index":230}]},{"type":"minecraft:model","model":"nova:gen_model/1379","tints":[{"type":"minecraft:custom_model_data","default":-1,"index":231}]},{"type":"minecraft:model","model":"nova:gen_model/1380","tints":[{"type":"minecraft:custom_model_data","default":-1,"index":232}]},{"type":"minecraft:model","model":"nova:gen_model/1381","tints":[{"type":"minecraft:custom_model_data","default":-1,"index":233}]},{"type":"minecraft:model","model":"nova:gen_model/1382","tints":[{"type":"minecraft:custom_model_data","default":-1,"index":234}]},{"type":"minecraft:model","model":"nova:gen_model/1383","tints":[{"type":"minecraft:custom_model_data","default":-1,"index":235}]},{"type":"minecraft:model","model":"nova:gen_model/1384","tints":[{"type":"minecraft:custom_model_data","default":-1,"index":236}]},{"type":"minecraft:model","model":"nova:gen_model/1385","tints":[{"type":"minecraft:custom_model_data","default":-1,"index":237}]},{"type":"minecraft:model","model":"nova:gen_model/1386","tints":[{"type":"minecraft:custom_model_data","default":-1,"index":238}]},{"type":"minecraft:model","model":"nova:gen_model/1387","tints":[{"type":"minecraft:custom_model_data","default":-1,"index":239}]},{"type":"minecraft:model","model":"nova:gen_model/1388","tints":[{"type":"minecraft:custom_model_data","default":-1,"index":240}]},{"type":"minecraft:model","model":"nova:gen_model/1389","tints":[{"type":"minecraft:custom_model_data","default":-1,"index":241}]},{"type":"minecraft:model","model":"nova:gen_model/1390","tints":[{"type":"minecraft:custom_model_data","default":-1,"index":242}]},{"type":"minecraft:model","model":"nova:gen_model/1391","tints":[{"type":"minecraft:custom_model_data","default":-1,"index":243}]},{"type":"minecraft:model","model":"nova:gen_model/1392","tints":[{"type":"minecraft:custom_model_data","default":-1,"index":244}]},{"type":"minecraft:model","model":"nova:gen_model/1393","tints":[{"type":"minecraft:custom_model_data","default":-1,"index":245}]},{"type":"minecraft:model","model":"nova:gen_model/1394","tints":[{"type":"minecraft:custom_model_data","default":-1,"index":246}]},{"type":"minecraft:model","model":"nova:gen_model/1395","tints":[{"type":"minecraft:custom_model_data","default":-1,"index":247}]},{"type":"minecraft:model","model":"nova:gen_model/1396","tints":[{"type":"minecraft:custom_model_data","default":-1,"index":248}]},{"type":"minecraft:model","model":"nova:gen_model/1397","tints":[{"type":"minecraft:custom_model_data","default":-1,"index":249}]},{"type":"minecraft:model","model":"nova:gen_model/1398","tints":[{"type":"minecraft:custom_model_data","default":-1,"index":250}]},{"type":"minecraft:model","model":"nova:gen_model/1399","tints":[{"type":"minecraft:custom_model_data","default":-1,"index":251}]},{"type":"minecraft:model","model":"nova:gen_model/1400","tints":[{"type":"minecraft:custom_model_data","default":-1,"index":252}]},{"type":"minecraft:model","model":"nova:gen_model/1401","tints":[{"type":"minecraft:custom_model_data","default":-1,"index":253}]},{"type":"minecraft:model","model":"nova:gen_model/1402","tints":[{"type":"minecraft:custom_model_data","default":-1,"index":254}]},{"type":"minecraft:model","model":"nova:gen_model/1403","tints":[{"type":"minecraft:custom_model_data","default":-1,"index":255}]},{"type":"minecraft:model","model":"nova:gen_model/1404","tints":[{"type":"minecraft:custom_model_data","default":-1,"index":256}]},{"type":"minecraft:model","model":"nova:gen_model/1405","tints":[{"type":"minecraft:custom_model_data","default":-1,"index":257}]},{"type":"minecraft:model","model":"nova:gen_model/1406","tints":[{"type":"minecraft:custom_model_data","default":-1,"index":258}]},{"type":"minecraft:model","model":"nova:gen_model/1407","tints":[{"type":"minecraft:custom_model_data","default":-1,"index":259}]},{"type":"minecraft:model","model":"nova:gen_model/1408","tints":[{"type":"minecraft:custom_model_data","default":-1,"index":260}]},{"type":"minecraft:model","model":"nova:gen_model/1409","tints":[{"type":"minecraft:custom_model_data","default":-1,"index":261}]},{"type":"minecraft:model","model":"nova:gen_model/1410","tints":[{"type":"minecraft:custom_model_data","default":-1,"index":262}]},{"type":"minecraft:model","model":"nova:gen_model/1411","tints":[{"type":"minecraft:custom_model_data","default":-1,"index":263}]},{"type":"minecraft:model","model":"nova:gen_model/1412","tints":[{"type":"minecraft:custom_model_data","default":-1,"index":264}]},{"type":"minecraft:model","model":"nova:gen_model/1413","tints":[{"type":"minecraft:custom_model_data","default":-1,"index":265}]},{"type":"minecraft:model","model":"nova:gen_model/1414","tints":[{"type":"minecraft:custom_model_data","default":-1,"index":266}]},{"type":"minecraft:model","model":"nova:gen_model/1415","tints":[{"type":"minecraft:custom_model_data","default":-1,"index":267}]},{"type":"minecraft:model","model":"nova:gen_model/1416","tints":[{"type":"minecraft:custom_model_data","default":-1,"index":268}]},{"type":"minecraft:model","model":"nova:gen_model/1417","tints":[{"type":"minecraft:custom_model_data","default":-1,"index":269}]},{"type":"minecraft:model","model":"nova:gen_model/1418","tints":[{"type":"minecraft:custom_model_data","default":-1,"index":270}]},{"type":"minecraft:model","model":"nova:gen_model/1419","tints":[{"type":"minecraft:custom_model_data","default":-1,"index":271}]},{"type":"minecraft:model","model":"nova:gen_model/1420","tints":[{"type":"minecraft:custom_model_data","default":-1,"index":272}]},{"type":"minecraft:model","model":"nova:gen_model/1421","tints":[{"type":"minecraft:custom_model_data","default":-1,"index":273}]},{"type":"minecraft:model","model":"nova:gen_model/1422","tints":[{"type":"minecraft:custom_model_data","default":-1,"index":274}]},{"type":"minecraft:model","model":"nova:gen_model/1423","tints":[{"type":"minecraft:custom_model_data","default":-1,"index":275}]},{"type":"minecraft:model","model":"nova:gen_model/1424","tints":[{"type":"minecraft:custom_model_data","default":-1,"index":276}]},{"type":"minecraft:model","model":"nova:gen_model/1425","tints":[{"type":"minecraft:custom_model_data","default":-1,"index":277}]},{"type":"minecraft:model","model":"nova:gen_model/1426","tints":[{"type":"minecraft:custom_model_data","default":-1,"index":278}]},{"type":"minecraft:model","model":"nova:gen_model/1427","tints":[{"type":"minecraft:custom_model_data","default":-1,"index":279}]},{"type":"minecraft:model","model":"nova:gen_model/1428","tints":[{"type":"minecraft:custom_model_data","default":-1,"index":280}]},{"type":"minecraft:model","model":"nova:gen_model/1429","tints":[{"type":"minecraft:custom_model_data","default":-1,"index":281}]},{"type":"minecraft:model","model":"nova:gen_model/1430","tints":[{"type":"minecraft:custom_model_data","default":-1,"index":282}]},{"type":"minecraft:model","model":"nova:gen_model/1431","tints":[{"type":"minecraft:custom_model_data","default":-1,"index":283}]},{"type":"minecraft:model","model":"nova:gen_model/1432","tints":[{"type":"minecraft:custom_model_data","default":-1,"index":284}]},{"type":"minecraft:model","model":"nova:gen_model/1433","tints":[{"type":"minecraft:custom_model_data","default":-1,"index":285}]},{"type":"minecraft:model","model":"nova:gen_model/1434","tints":[{"type":"minecraft:custom_model_data","default":-1,"index":286}]},{"type":"minecraft:model","model":"nova:gen_model/1435","tints":[{"type":"minecraft:custom_model_data","default":-1,"index":287}]},{"type":"minecraft:model","model":"nova:gen_model/1436","tints":[{"type":"minecraft:custom_model_data","default":-1,"index":288}]},{"type":"minecraft:model","model":"nova:gen_model/1437","tints":[{"type":"minecraft:custom_model_data","default":-1,"index":289}]},{"type":"minecraft:model","model":"nova:gen_model/1438","tints":[{"type":"minecraft:custom_model_data","default":-1,"index":290}]},{"type":"minecraft:model","model":"nova:gen_model/1439","tints":[{"type":"minecraft:custom_model_data","default":-1,"index":291}]},{"type":"minecraft:model","model":"nova:gen_model/1440","tints":[{"type":"minecraft:custom_model_data","default":-1,"index":292}]},{"type":"minecraft:model","model":"nova:gen_model/1441","tints":[{"type":"minecraft:custom_model_data","default":-1,"index":293}]},{"type":"minecraft:model","model":"nova:gen_model/1442","tints":[{"type":"minecraft:custom_model_data","default":-1,"index":294}]},{"type":"minecraft:model","model":"nova:gen_model/1443","tints":[{"type":"minecraft:custom_model_data","default":-1,"index":295}]},{"type":"minecraft:model","model":"nova:gen_model/1444","tints":[{"type":"minecraft:custom_model_data","default":-1,"index":296}]},{"type":"minecraft:model","model":"nova:gen_model/1445","tints":[{"type":"minecraft:custom_model_data","default":-1,"index":297}]},{"type":"minecraft:model","model":"nova:gen_model/1446","tints":[{"type":"minecraft:custom_model_data","default":-1,"index":298}]},{"type":"minecraft:model","model":"nova:gen_model/1447","tints":[{"type":"minecraft:custom_model_data","default":-1,"index":299}]},{"type":"minecraft:model","model":"nova:gen_model/1448","tints":[{"type":"minecraft:custom_model_data","default":-1,"index":300}]},{"type":"minecraft:model","model":"nova:gen_model/1449","tints":[{"type":"minecraft:custom_model_data","default":-1,"index":301}]},{"type":"minecraft:model","model":"nova:gen_model/1450","tints":[{"type":"minecraft:custom_model_data","default":-1,"index":302}]},{"type":"minecraft:model","model":"nova:gen_model/1451","tints":[{"type":"minecraft:custom_model_data","default":-1,"index":303}]},{"type":"minecraft:model","model":"nova:gen_model/1452","tints":[{"type":"minecraft:custom_model_data","default":-1,"index":304}]},{"type":"minecraft:model","model":"nova:gen_model/1453","tints":[{"type":"minecraft:custom_model_data","default":-1,"index":305}]},{"type":"minecraft:model","model":"nova:gen_model/1454","tints":[{"type":"minecraft:custom_model_data","default":-1,"index":306}]},{"type":"minecraft:model","model":"nova:gen_model/1455","tints":[{"type":"minecraft:custom_model_data","default":-1,"index":307}]},{"type":"minecraft:model","model":"nova:gen_model/1456","tints":[{"type":"minecraft:custom_model_data","default":-1,"index":308}]},{"type":"minecraft:model","model":"nova:gen_model/1457","tints":[{"type":"minecraft:custom_model_data","default":-1,"index":309}]},{"type":"minecraft:model","model":"nova:gen_model/1458","tints":[{"type":"minecraft:custom_model_data","default":-1,"index":310}]},{"type":"minecraft:model","model":"nova:gen_model/1459","tints":[{"type":"minecraft:custom_model_data","default":-1,"index":311}]},{"type":"minecraft:model","model":"nova:gen_model/1460","tints":[{"type":"minecraft:custom_model_data","default":-1,"index":312}]},{"type":"minecraft:model","model":"nova:gen_model/1461","tints":[{"type":"minecraft:custom_model_data","default":-1,"index":313}]},{"type":"minecraft:model","model":"nova:gen_model/1462","tints":[{"type":"minecraft:custom_model_data","default":-1,"index":314}]},{"type":"minecraft:model","model":"nova:gen_model/1463","tints":[{"type":"minecraft:custom_model_data","default":-1,"index":315}]},{"type":"minecraft:model","model":"nova:gen_model/1464","tints":[{"type":"minecraft:custom_model_data","default":-1,"index":316}]},{"type":"minecraft:model","model":"nova:gen_model/1465","tints":[{"type":"minecraft:custom_model_data","default":-1,"index":317}]},{"type":"minecraft:model","model":"nova:gen_model/1466","tints":[{"type":"minecraft:custom_model_data","default":-1,"index":318}]},{"type":"minecraft:model","model":"nova:gen_model/1467","tints":[{"type":"minecraft:custom_model_data","default":-1,"index":319}]},{"type":"minecraft:model","model":"nova:gen_model/1468","tints":[{"type":"minecraft:custom_model_data","default":-1,"index":320}]},{"type":"minecraft:model","model":"nova:gen_model/1469","tints":[{"type":"minecraft:custom_model_data","default":-1,"index":321}]},{"type":"minecraft:model","model":"nova:gen_model/1470","tints":[{"type":"minecraft:custom_model_data","default":-1,"index":322}]},{"type":"minecraft:model","model":"nova:gen_model/1471","tints":[{"type":"minecraft:custom_model_data","default":-1,"index":323}]}]}}],"fallback":{"type":"minecraft:empty"}}}